Time,Voltage,Current,Power,State
10,0.87,162.84,46,NORMAL
11,0.87,166.47,144,NORMAL
12,0.9,110.95,124,NORMAL
13,0.87,148.54,180,NORMAL
14,0.88,158.8,88,NORMAL
15,0.9,153.02,124,NORMAL
16,0.87,157.03,160,NORMAL
17,0.87,148.27,150,NORMAL
18,0.87,140.34,154,NORMAL
19,0.88,162.92,160,NORMAL
20,0.88,112.02,150,NORMAL
21,0.88,143.28,174,NORMAL
22,0.88,155.97,168,NORMAL
23,0.88,143.57,122,NORMAL
25,0.88,170.49,40,NORMAL
26,0.86,151,158,NORMAL
27,0.88,129.17,180,NORMAL
28,0.88,157.83,134,NORMAL
29,0.88,105.51,186,NORMAL
30,0.87,168.23,164,NORMAL
31,0.88,124.1,132,NORMAL
32,0.88,165.64,62,NORMAL
33,0.88,143.65,144,NORMAL
34,0.87,155.25,140,NORMAL
35,0.88,152.18,148,NORMAL
36,0.88,134.23,212,NORMAL
37,0.87,161.06,164,NORMAL
38,0.88,142.09,200,NORMAL
39,0.87,164.22,140,NORMAL
40,0.88,138.18,216,NORMAL
41,0.88,137.81,132,NORMAL
43,0.87,156.88,150,NORMAL
44,0.88,140.36,138,NORMAL
45,0.88,150.18,148,NORMAL
46,0.88,132.26,124,NORMAL
47,0.88,158.73,168,NORMAL
48,0.88,143.78,86,NORMAL
49,0.88,150,124,NORMAL
50,0.87,133.26,128,NORMAL
51,0.88,163.74,164,NORMAL
52,0.88,106.89,150,NORMAL
53,0.88,161.09,72,NORMAL
54,0.87,138.57,160,NORMAL
55,0.88,114.23,210,NORMAL
56,0.88,150.96,148,NORMAL
57,0.87,137.95,122,NORMAL
58,0.88,160.64,164,NORMAL
60,0.87,130.79,138,NORMAL
61,0.88,157.35,66,NORMAL
62,0.87,112.92,124,NORMAL
63,0.88,165.12,104,NORMAL
64,0.88,125.03,132,NORMAL
65,0.87,157.17,134,NORMAL
66,0.88,126.22,124,NORMAL
67,0.88,163.79,82,NORMAL
68,0.88,155.32,122,NORMAL
69,0.87,161.17,98,NORMAL
70,0.88,142.06,158,NORMAL
71,0.88,153.21,62,NORMAL
72,0.88,153.48,134,NORMAL
73,0.88,164.68,36,NORMAL
74,0.87,154.77,122,NORMAL
75,0.88,161.6,144,NORMAL
77,0.88,139.34,124,NORMAL
78,0.87,156.46,128,NORMAL
79,0.88,160.93,138,NORMAL
80,0.89,141.79,124,NORMAL
81,0.87,153.41,154,NORMAL
82,0.88,146.85,138,NORMAL
83,0.88,154.2,148,NORMAL
84,0.87,137.81,186,NORMAL
85,0.88,163.75,134,NORMAL
86,0.88,120.47,220,NORMAL
87,0.88,157.76,122,NORMAL
88,0.87,157.08,232,NORMAL
89,0.88,140.46,124,NORMAL
90,0.88,152.01,164,NORMAL
91,0.88,146.3,122,NORMAL
92,0.88,162.13,58,NORMAL
93,0.88,151.95,160,NORMAL
95,0.88,154.66,122,NORMAL
96,0.88,149.41,210,NORMAL
97,0.88,139.27,154,NORMAL
98,0.88,124.8,220,NORMAL
99,0.88,154.2,140,NORMAL
100,0.87,162.24,16,NORMAL
101,0.88,140.77,128,NORMAL
102,0.88,166.96,114,NORMAL
103,0.87,138.95,122,NORMAL
04,0.88,164.87,22,NORMAL
105,0.87,158.74,122,NORMAL
106,0.88,164.16,92,NORMAL
107,0.87,156.34,128,NORMAL
108,0.88,156,16,NORMAL
109,0.88,150.08,164,NORMAL
110,0.87,153.4,140,NORMAL
112,0.88,159.51,226,NORMAL
113,0.88,165.49,168,NORMAL
114,0.88,120.23,170,NORMAL
115,0.86,150.98,144,NORMAL
116,0.88,129.48,168,NORMAL
117,0.88,152.68,164,NORMAL
118,0.88,157.21,140,NORMAL
119,0.88,164.89,26,NORMAL
120,0.88,164.95,168,NORMAL
121,0.87,151.36,124,NORMAL
122,0.87,140.48,122,NORMAL
123,0.88,133.89,210,NORMAL
124,0.88,155.11,144,NORMAL
125,0.88,141.31,122,NORMAL
126,0.88,149.91,174,NORMAL
127,0.88,162.72,52,NORMAL
128,0.88,153.22,154,NORMAL
130,0.87,137.79,122,NORMAL
131,0.88,165.75,30,NORMAL
132,0.88,156.02,134,NORMAL
133,0.88,138.06,148,NORMAL
134,0.88,162.41,4,NORMAL
135,0.88,143.03,138,NORMAL
136,0.88,117.16,158,NORMAL
137,0.87,163.21,26,NORMAL
138,0.88,157.89,158,NORMAL
139,0.87,187.21,124,NORMAL
140,0.88,150.93,160,NORMAL
141,0.88,139.88,150,NORMAL
142,0.87,164.05,30,NORMAL
143,0.88,109.21,196,NORMAL
144,0.87,140.11,134,NORMAL
145,0.88,147.97,148,NORMAL
147,0.88,162.66,150,NORMAL
148,0.88,152.03,148,NORMAL
149,0.89,163.94,154,NORMAL
150,0.86,136.66,164,NORMAL
151,0.88,146.98,122,NORMAL
152,0.89,153.56,150,NORMAL
153,0.86,148.06,122,NORMAL
154,0.88,136.01,176,NORMAL
155,0.87,124.2,148,NORMAL
156,0.85,150.18,212,NORMAL
157,0.88,163.2,144,NORMAL
158,0.86,162.75,148,NORMAL
159,0.86,137.82,124,NORMAL
160,0.89,143.25,128,NORMAL
161,0.87,151.65,122,NORMAL
162,0.86,133.03,122,NORMAL
164,0.89,122.76,168,NORMAL
165,0.88,133.39,176,NORMAL
166,0.87,140.55,128,NORMAL
167,0.89,138.13,160,NORMAL
168,0.88,135.42,184,NORMAL
169,0.85,164.47,138,NORMAL
170,0.89,156.61,118,NORMAL
171,0.88,156.81,148,NORMAL
172,0.86,155.93,150,NORMAL
173,0.88,153.21,144,NORMAL
174,0.88,172.19,128,NORMAL
175,0.86,128.11,150,NORMAL
176,0.88,161.21,62,NORMAL
177,0.88,158.03,168,NORMAL
178,0.86,165,138,NORMAL
179,0.88,148.41,122,NORMAL
180,0.88,142.57,122,NORMAL
182,0.87,134.26,148,NORMAL
183,0.87,157.25,158,NORMAL
184,0.89,156.34,148,NORMAL
185,0.87,123.99,132,NORMAL
186,0.87,132.71,180,NORMAL
187,0.88,159.65,232,NORMAL
188,0.87,161.49,164,NORMAL
189,0.88,154.23,122,NORMAL
190,0.88,120.94,148,NORMAL
191,0.86,141.87,206,NORMAL
192,0.88,137.18,148,NORMAL
193,0.9,126.42,128,NORMAL
194,0.86,134.34,144,NORMAL
195,0.88,163.71,138,NORMAL
196,0.88,142.63,180,NORMAL
197,0.86,156.75,140,NORMAL
199,0.88,116.67,128,NORMAL
200,0.88,158.31,154,NORMAL
201,0.86,144.37,118,NORMAL
202,0.87,137.24,134,NORMAL
203,0.89,147.81,150,NORMAL
204,0.87,110.82,150,NORMAL
205,0.86,156.92,160,NORMAL
206,0.89,150.58,124,NORMAL
7,0.89,164.03,108,NORMAL
208,0.86,132.16,122,NORMAL
209,0.86,138.37,154,NORMAL
210,0.88,128.63,184,NORMAL
211,0.89,162.56,138,NORMAL
212,0.86,157.25,216,NORMAL
213,0.87,146.84,134,NORMAL
214,0.89,140.38,160,NORMAL
215,0.87,167.47,150,NORMAL
217,0.86,117.24,180,NORMAL
218,0.88,148.23,122,NORMAL
219,0.88,156.57,160,NORMAL
220,0.87,140.74,186,NORMAL
221,0.86,156.38,124,NORMAL
222,0.89,165.39,140,NORMAL
223,0.88,163.98,132,NORMAL
224,0.86,162.9,134,NORMAL
225,0.87,161.92,154,NORMAL
226,0.87,147.65,164,NORMAL
227,0.87,160.93,122,NORMAL
228,0.88,152.9,118,NORMAL
229,0.87,159.15,150,NORMAL
230,0.88,158.63,124,NORMAL
231,0.88,159.39,144,NORMAL
232,0.87,151.66,20,NORMAL
234,0.86,157.4,124,NORMAL
235,0.88,164.19,138,NORMAL
236,0.88,151.44,138,NORMAL
237,0.87,158.35,148,NORMAL
238,0.87,163.37,26,NORMAL
239,0.88,123.38,128,NORMAL
240,0.89,135.27,140,NORMAL
241,0.89,153.03,164,NORMAL
242,0.86,123.89,186,NORMAL
243,0.87,157,104,NORMAL
244,0.89,149.62,210,NORMAL
245,0.9,137.05,154,NORMAL
246,0.87,127.7,32,NORMAL
247,0.85,151.96,148,NORMAL
248,0.87,144.49,112,NORMAL
249,0.89,134.78,222,NORMAL
251,0.88,153.62,148,NORMAL
252,0.89,166.53,50,NORMAL
253,0.88,129.28,160,NORMAL
254,0.86,158.13,92,NORMAL
255,0.84,100.66,140,NORMAL
256,0.85,146.81,132,NORMAL
257,0.87,164.42,114,NORMAL
258,0.87,156.27,134,NORMAL
259,0.88,123.37,200,NORMAL
260,0.89,153.49,168,NORMAL
261,0.88,135.76,124,NORMAL
262,0.9,158.73,148,NORMAL
263,0.9,131.67,200,NORMAL
264,0.87,161.29,168,NORMAL
265,0.88,160.24,66,NORMAL
266,0.86,161.02,128,NORMAL
267,0.86,164.45,68,NORMAL
269,0.86,151.15,122,NORMAL
270,0.86,164.22,78,NORMAL
271,0.86,122.53,150,NORMAL
272,0.85,157.44,138,NORMAL
273,0.86,129.85,222,NORMAL
274,0.87,171.92,118,NORMAL
275,0.88,141.79,194,NORMAL
276,0.88,160.09,140,NORMAL
277,0.88,121.51,174,NORMAL
278,0.89,152.69,160,NORMAL
279,0.89,155.6,170,NORMAL
280,0.89,133.61,140,NORMAL
281,0.9,168.25,114,NORMAL
282,0.9,133.65,134,NORMAL
283,0.9,162.29,148,NORMAL
284,0.89,118.95,138,NORMAL
286,0.88,155.99,144,NORMAL
287,0.87,116.18,154,NORMAL
288,0.87,172.56,128,NORMAL
289,0.86,155.45,102,NORMAL
290,0.86,166.81,118,NORMAL
291,0.86,164.74,4,NORMAL
292,0.85,145.77,124,NORMAL
293,0.85,156.83,164,NORMAL
294,0.86,139.55,128,NORMAL
295,0.86,152.27,124,NORMAL
296,0.86,140.37,184,NORMAL
297,0.87,145.19,134,NORMAL
298,0.88,167.8,40,NORMAL
299,0.88,137.37,124,NORMAL
300,0.89,157.05,150,NORMAL
301,0.89,143.85,186,NORMAL
302,0.88,131.6,124,NORMAL
304,0.88,152.85,164,NORMAL
305,0.9,133.17,164,NORMAL
306,0.88,147.91,122,NORMAL
307,0.87,163.05,4,NORMAL
308,0.88,137.58,122,NORMAL
309,0.87,160.57,134,NORMAL
310,0.87,153.15,124,NORMAL
311,0.87,141.28,168,NORMAL
312,0.88,136.93,122,NORMAL
313,0.87,156.63,108,NORMAL
314,0.88,144.19,122,NORMAL
315,0.88,136.62,148,NORMAL
316,0.88,104.86,204,NORMAL
317,0.87,168.83,132,NORMAL
318,0.88,162.13,102,NORMAL
319,0.88,144.99,132,NORMAL
321,0.87,154.74,158,NORMAL
322,0.88,116.65,200,NORMAL
323,0.88,155.63,22,NORMAL
324,0.87,162.21,150,NORMAL
325,0.88,163.12,72,NORMAL
326,0.88,135.32,134,NORMAL
327,0.88,164.61,134,NORMAL
328,0.87,159.39,102,NORMAL
329,0.88,150.64,122,NORMAL
330,0.88,153.9,150,NORMAL
331,0.87,136.74,122,NORMAL
332,0.88,162.5,148,NORMAL
333,0.88,123.84,134,NORMAL
334,0.87,158.09,78,NORMAL
335,0.89,150.09,122,NORMAL
336,0.87,156.06,122,NORMAL
338,0.88,159.03,42,NORMAL
339,0.88,151.18,184,NORMAL
340,0.88,136.51,132,NORMAL
341,0.88,160.74,122,NORMAL
342,0.87,157.26,148,NORMAL
343,0.88,126.6,184,NORMAL
344,0.88,120.89,128,NORMAL
345,0.87,154.65,140,NORMAL
346,0.88,164.88,102,NORMAL
347,0.88,130.95,140,NORMAL
348,0.87,151.1,148,NORMAL
349,0.88,148.3,204,NORMAL
350,0.88,152.51,158,NORMAL
51,0.88,122.03,72,NORMAL
352,0.87,153.18,122,NORMAL
353,0.88,152.97,150,NORMAL
354,0.88,166.56,62,NORMAL
356,0.87,121.91,144,NORMAL
357,0.87,153.75,122,NORMAL
358,0.88,152.09,164,NORMAL
359,0.87,147.91,174,NORMAL
360,0.87,155.32,124,NORMAL
361,0.88,160.96,132,NORMAL
362,0.88,159.37,22,NORMAL
363,0.88,136.54,176,NORMAL
364,0.88,147.47,122,NORMAL
365,0.88,162.12,144,NORMAL
366,0.87,157.91,58,NORMAL
367,0.88,132.08,128,NORMAL
368,0.88,150.99,128,NORMAL
369,0.87,161.02,14,NORMAL
370,0.88,134.97,138,NORMAL
371,0.88,181.34,128,NORMAL
373,0.87,153.47,154,NORMAL
374,0.88,158.4,140,NORMAL
375,0.88,113.5,204,NORMAL
376,0.87,140.91,122,NORMAL
377,0.88,142.12,144,NORMAL
378,0.88,163.83,30,NORMAL
379,0.88,167.82,42,NORMAL
380,0.87,132.07,128,NORMAL
381,0.87,160.77,124,NORMAL
382,0.88,148.43,158,NORMAL
383,0.87,140.04,160,NORMAL
384,0.88,133.47,128,NORMAL
385,0.87,159.84,122,NORMAL
386,0.88,161.73,20,NORMAL
387,0.88,134.54,170,NORMAL
388,0.88,139.17,122,NORMAL
389,0.88,152.53,144,NORMAL
391,0.88,161.77,4,NORMAL
392,0.88,130.64,148,NORMAL
393,0.88,160.96,122,NORMAL
394,0.87,158.06,114,NORMAL
395,0.88,128.08,226,NORMAL
396,0.88,147.32,150,NORMAL
397,0.87,133.24,160,NORMAL
398,0.88,157.34,122,NORMAL
399,0.88,149.42,160,NORMAL
400,0.88,143.38,220,NORMAL
401,0.89,124.51,132,NORMAL
402,0.9,187.07,124,NORMAL
403,0.89,140.58,180,NORMAL
404,0.88,140.57,160,NORMAL
405,0.89,137.21,124,NORMAL
406,0.91,155.2,122,NORMAL
408,0.88,159.52,144,NORMAL
409,0.88,139.11,154,NORMAL
410,0.89,166.7,134,NORMAL
411,0.88,155.94,104,NORMAL
412,0.88,133.15,132,NORMAL
413,0.9,162.07,124,NORMAL
414,0.9,138.1,132,NORMAL
415,0.89,166.67,76,NORMAL
416,0.89,115.02,132,NORMAL
417,0.9,147.75,132,NORMAL
418,0.88,157.28,154,NORMAL
419,0.88,123.44,200,NORMAL
420,0.88,143.1,122,NORMAL
421,0.89,155.39,164,NORMAL
422,0.88,163.77,128,NORMAL
423,0.88,147.39,138,NORMAL
425,0.87,147.22,140,NORMAL
426,0.88,159.25,148,NORMAL
427,0.88,97.01,190,NORMAL
428,0.87,133.59,134,NORMAL
429,0.87,144.17,148,NORMAL
430,0.86,166.22,122,NORMAL
431,0.87,134.74,122,NORMAL
432,0.86,160.6,124,NORMAL
433,0.86,165.97,14,NORMAL
434,0.86,138.19,124,NORMAL
435,0.86,157.68,160,NORMAL
436,0.85,141.51,160,NORMAL
437,0.86,138.49,122,NORMAL
438,0.87,134.52,144,NORMAL
439,0.87,161.22,148,NORMAL
440,0.88,132.13,132,NORMAL
441,0.88,142.42,158,NORMAL
443,0.89,160.7,168,NORMAL
444,0.88,118.06,72,NORMAL
445,0.89,111.92,128,NORMAL
446,0.88,153.91,128,NORMAL
447,0.89,153.44,150,NORMAL
448,0.88,154.65,138,NORMAL
449,0.88,123.49,194,NORMAL
450,0.88,142.37,134,NORMAL
451,0.86,156.14,150,NORMAL
452,0.86,163.07,158,NORMAL
453,0.86,160.56,150,NORMAL
454,0.86,141.62,160,NORMAL
455,0.9,137.54,122,NORMAL
456,0.9,155.71,140,NORMAL
457,0.89,155.75,96,NORMAL
458,0.88,164.15,22,NORMAL
460,0.88,115.76,124,NORMAL
461,0.83,156,134,NORMAL
462,0.85,151.78,138,NORMAL
463,0.88,160.47,158,NORMAL
464,0.89,139.98,206,NORMAL
465,0.9,147.43,170,NORMAL
466,0.89,137.11,128,NORMAL
467,0.88,157.23,122,NORMAL
468,0.86,155.85,148,NORMAL
469,0.85,161.61,138,NORMAL
470,0.86,169.08,66,NORMAL
471,0.87,121.97,140,NORMAL
472,0.9,143.05,124,NORMAL
473,0.89,150.61,168,NORMAL
474,0.88,143.03,190,NORMAL
475,0.88,142.75,122,NORMAL
477,0.86,149.25,140,NORMAL
478,0.86,160.94,200,NORMAL
479,0.88,145.05,122,NORMAL
480,0.89,147.24,158,NORMAL
481,0.88,155.36,96,NORMAL
482,0.88,163.96,112,NORMAL
483,0.87,135.8,168,NORMAL
484,0.86,145.78,128,NORMAL
485,0.86,160.11,118,NORMAL
486,0.88,135.62,124,NORMAL
487,0.89,158.57,50,NORMAL
488,0.89,163.53,16,NORMAL
489,0.88,131.75,164,NORMAL
490,0.87,154.26,154,NORMAL
491,0.85,163.57,40,NORMAL
492,0.88,157.31,40,NORMAL
493,0.88,131.46,144,NORMAL
495,0.88,164.96,132,NORMAL
496,0.88,152.24,140,NORMAL
497,0.88,152.17,148,NORMAL
498,0.87,160.26,22,NORMAL
499,0.88,128.06,168,NORMAL
500,0.88,108.34,160,NORMAL
501,0.86,157.57,150,NORMAL
502,0.86,162.19,160,NORMAL
503,0.88,166.3,122,NORMAL
504,0.88,138.37,154,NORMAL
505,0.88,139.48,148,NORMAL
506,0.88,158.26,138,NORMAL
507,0.87,159.79,26,NORMAL
508,0.86,144.83,210,NORMAL
509,0.88,113.53,122,NORMAL
510,0.86,158.14,154,NORMAL
512,0.88,156.21,148,NORMAL
513,0.88,115.76,200,NORMAL
514,0.88,142.25,122,NORMAL
515,0.88,117.25,122,NORMAL
516,0.88,156.79,122,NORMAL
517,0.88,155.76,118,NORMAL
518,0.87,157.94,138,NORMAL
519,0.88,162.78,108,NORMAL
520,0.88,166.66,72,NORMAL
521,0.87,139.58,176,NORMAL
522,0.88,135.23,144,NORMAL
523,0.88,174.58,122,NORMAL
524,0.88,155.89,140,NORMAL
525,0.88,163.43,30,NORMAL
526,0.88,158.62,14,NORMAL
527,0.87,136.07,150,NORMAL
528,0.88,127.52,128,NORMAL
530,0.88,164.88,138,NORMAL
531,0.87,162.54,148,NORMAL
532,0.88,139.74,144,NORMAL
533,0.87,167.06,134,NORMAL
534,0.87,157.29,102,NORMAL
535,0.88,154.21,148,NORMAL
536,0.88,135.55,138,NORMAL
537,0.87,159.23,148,NORMAL
538,0.88,147.95,138,NORMAL
539,0.88,157.11,122,NORMAL
540,0.88,161.77,124,NORMAL
541,0.87,147.63,122,NORMAL
542,0.88,138.44,124,NORMAL
543,0.88,100.09,204,NORMAL
544,0.87,123.46,148,NORMAL
545,0.88,136.67,124,NORMAL
547,0.88,160.46,122,NORMAL
548,0.87,153.21,138,NORMAL
549,0.88,156.83,118,NORMAL
550,0.88,159.69,118,NORMAL
551,0.87,155.3,144,NORMAL
552,0.88,133.65,144,NORMAL
553,0.88,159.08,122,NORMAL
554,0.87,131.5,122,NORMAL
555,0.88,129.29,164,NORMAL
556,0.88,153.3,46,NORMAL
557,0.87,138.33,180,NORMAL
558,0.88,164.51,96,NORMAL
559,0.88,168.48,66,NORMAL
560,0.88,142.4,212,NORMAL
561,0.88,134.01,168,NORMAL
562,0.88,138.34,138,NORMAL
564,0.86,124.99,124,NORMAL
565,0.86,137.81,124,NORMAL
566,0.86,110.51,180,NORMAL
567,0.86,148.38,174,NORMAL
568,0.88,156,124,NORMAL
569,0.89,165.39,128,NORMAL
570,0.89,151.86,144,NORMAL
571,0.88,153.5,148,NORMAL
572,0.86,147.65,132,NORMAL
573,0.86,158.47,150,NORMAL
574,0.84,163.17,118,NORMAL
575,0.86,123.2,160,NORMAL
576,0.88,141.61,124,NORMAL
577,0.89,137.47,148,NORMAL
578,0.89,170.53,132,NORMAL
579,0.88,151.86,138,NORMAL
580,0.87,166.33,122,NORMAL
582,0.86,150.99,118,NORMAL
583,0.84,140.35,114,NORMAL
584,0.87,155.52,118,NORMAL
585,0.88,113.87,206,NORMAL
586,0.89,133.65,154,NORMAL
587,0.89,144.81,212,NORMAL
588,0.88,116.02,194,NORMAL
589,0.86,141.32,154,NORMAL
590,0.87,118.36,124,NORMAL
591,0.85,144.06,122,NORMAL
592,0.88,149.16,128,NORMAL
593,0.88,169.97,122,NORMAL
594,0.89,155.94,122,NORMAL
595,0.89,163.51,138,NORMAL
596,0.89,154.68,140,NORMAL
597,0.88,158.23,150,NORMAL
599,0.86,169.17,96,NORMAL
600,0.85,160.44,222,NORMAL
601,0.85,138.02,140,NORMAL
602,0.87,123.4,140,NORMAL
603,0.88,118.48,144,NORMAL
604,0.89,123.75,174,NORMAL
605,0.89,140.23,114,NORMAL
606,0.87,160.85,82,NORMAL
607,0.86,127.42,170,NORMAL
608,0.87,91.54,194,NORMAL
609,0.88,123.26,144,NORMAL
610,0.88,139.78,124,NORMAL
611,0.88,167.34,122,NORMAL
612,0.87,152.04,158,NORMAL
613,0.87,155.25,6,NORMAL
614,0.88,155.07,42,NORMAL
615,0.88,136.43,122,NORMAL
617,0.87,159.02,118,NORMAL
618,0.88,160.75,122,NORMAL
619,0.87,151.74,144,NORMAL
620,0.88,159.75,144,NORMAL
621,0.88,158.14,144,NORMAL
622,0.87,161.9,92,NORMAL
623,0.87,166.44,36,NORMAL
624,0.88,133.86,232,NORMAL
625,0.88,128.33,138,NORMAL
626,0.86,108.37,140,NORMAL
627,0.87,110.19,124,NORMAL
628,0.88,170.94,164,NORMAL
629,0.89,157.39,164,NORMAL
630,0.86,148.06,154,NORMAL
631,0.86,154.38,140,NORMAL
632,0.88,161.92,132,NORMAL
634,0.89,151.88,168,NORMAL
635,0.86,158.2,40,NORMAL
636,0.86,160.86,124,NORMAL
637,0.88,165.76,42,NORMAL
638,0.88,149.88,184,NORMAL
639,0.87,123.32,168,NORMAL
640,0.87,148.18,62,NORMAL
641,0.89,126.3,132,NORMAL
642,0.88,116.5,158,NORMAL
643,0.86,119.81,138,NORMAL
644,0.87,139.76,124,NORMAL
645,0.88,161.79,124,NORMAL
646,0.87,170.11,128,NORMAL
647,0.87,149.29,144,NORMAL
648,0.88,133.43,144,NORMAL
649,0.88,160.88,134,NORMAL
651,0.87,159.21,22,NORMAL
652,0.88,154.18,212,NORMAL
653,0.88,131.47,216,NORMAL
654,0.87,136.91,180,NORMAL
655,0.87,118.44,158,NORMAL
656,0.88,142.24,138,NORMAL
657,0.87,127.87,124,NORMAL
658,0.87,163.92,122,NORMAL
659,0.87,144.98,140,NORMAL
660,0.88,142.42,140,NORMAL
661,0.88,126.2,124,NORMAL
662,0.88,140.03,124,NORMAL
663,0.88,138.06,124,NORMAL
664,0.88,143.89,122,NORMAL
665,0.88,132.11,140,NORMAL
666,0.87,159.25,150,NORMAL
667,0.88,158.44,160,NORMAL
669,0.88,160.57,164,NORMAL
670,0.87,146.69,204,NORMAL
671,0.88,160.95,104,NORMAL
672,0.88,132.66,154,NORMAL
673,0.88,143.2,124,NORMAL
674,0.87,103.32,140,NORMAL
675,0.87,132.52,154,NORMAL
676,0.88,135.42,128,NORMAL
677,0.88,133.8,144,NORMAL
678,0.88,154.84,124,NORMAL
679,0.88,156.15,134,NORMAL
0.88,137.03,148,NORMAL,
681,0.88,162.2,134,NORMAL
682,0.88,162.06,150,NORMAL
683,0.88,155.09,140,NORMAL
684,0.88,160.53,132,NORMAL
686,0.88,157.95,144,NORMAL
687,0.88,150.92,144,NORMAL
688,0.88,136.97,138,NORMAL
689,0.88,158.72,150,NORMAL
690,0.88,136.16,148,NORMAL
691,0.88,154.31,134,NORMAL
692,0.88,156.48,138,NORMAL
693,0.88,152.62,150,NORMAL
694,0.88,137.32,144,NORMAL
695,0.88,157.46,148,NORMAL
696,0.87,163.8,86,NORMAL
697,0.88,138.69,212,NORMAL
698,0.88,103.27,190,NORMAL
699,0.87,148.31,122,NORMAL
700,0.88,143.46,138,NORMAL
701,0.88,152.14,124,NORMAL
702,0.88,129.76,134,NORMAL
704,0.88,138.52,124,NORMAL
705,0.88,158.04,122,NORMAL
706,0.87,151.99,150,NORMAL
707,0.88,146.08,138,NORMAL
708,0.88,163.48,134,NORMAL
709,0.87,157.61,170,NORMAL
710,0.88,161.89,160,NORMAL
711,0.88,159.49,160,NORMAL
712,0.87,150.64,158,NORMAL
713,0.88,158.81,168,NORMAL
714,0.88,151.32,168,NORMAL
715,0.87,155.85,46,NORMAL
716,0.88,165.1,52,NORMAL
717,0.89,100.41,174,NORMAL
718,0.85,136.3,204,NORMAL
719,0.87,136.98,124,NORMAL
721,0.89,116.32,222,NORMAL
722,0.86,136.35,122,NORMAL
723,0.84,159.41,122,NORMAL
724,0.89,174.52,132,NORMAL
725,0.89,146.35,132,NORMAL
726,0.86,159.18,118,NORMAL
727,0.87,155.57,154,NORMAL
728,0.9,158.55,184,NORMAL
729,0.88,174.12,122,NORMAL
730,0.86,157.08,114,NORMAL
731,0.88,162.44,160,NORMAL
732,0.89,156.25,128,NORMAL
733,0.86,144.9,134,NORMAL
734,0.87,154.52,158,NORMAL
735,0.89,152.5,170,NORMAL
736,0.88,145.69,134,NORMAL
738,0.84,161.19,138,NORMAL
739,0.88,152.26,158,NORMAL
740,0.89,163.78,66,NORMAL
741,0.87,161,62,NORMAL
742,0.87,132.02,124,NORMAL
743,0.9,139.6,124,NORMAL
744,0.87,154.02,134,NORMAL
745,0.85,159.06,52,NORMAL
746,0.89,162.14,46,NORMAL
747,0.88,136.15,222,NORMAL
748,0.85,138.6,180,NORMAL
749,0.87,145.01,102,NORMAL
750,0.9,134.34,226,NORMAL
751,0.86,121.66,140,NORMAL
752,0.86,102.46,144,NORMAL
753,0.89,126.32,158,NORMAL
754,0.86,159.08,148,NORMAL
756,0.84,156.74,124,NORMAL
757,0.88,145.01,140,NORMAL
758,0.89,153.79,170,NORMAL
759,0.86,152.72,164,NORMAL
760,0.87,158.79,160,NORMAL
761,0.89,162.7,158,NORMAL
762,0.85,156.91,118,NORMAL
763,0.86,163.55,52,NORMAL
764,0.89,163.19,148,NORMAL
765,0.87,156.51,56,NORMAL
766,0.86,134.81,122,NORMAL
767,0.87,93.33,194,NORMAL
768,0.89,131.07,148,NORMAL
769,0.86,128.86,158,NORMAL
770,0.87,103.72,148,NORMAL
771,0.89,138.07,128,NORMAL
773,0.87,109.23,138,NORMAL
774,0.86,127.08,180,NORMAL
775,0.88,159.67,154,NORMAL
776,0.88,154.42,134,NORMAL
777,0.86,166.51,118,NORMAL
778,0.89,150.88,134,NORMAL
779,0.89,167.18,132,NORMAL
780,0.86,158.37,118,NORMAL
781,0.88,135.58,128,NORMAL
782,0.89,137.46,122,NORMAL
783,0.87,138.11,128,NORMAL
784,0.88,105.94,196,NORMAL
785,0.89,161.15,36,NORMAL
786,0.87,161.32,154,NORMAL
787,0.87,154.23,160,NORMAL
788,0.88,151.94,154,NORMAL
789,0.88,139.55,144,NORMAL
791,0.86,157.04,122,NORMAL
792,0.89,131.06,138,NORMAL
793,0.88,146.64,132,NORMAL
794,0.86,115.03,150,NORMAL
795,0.88,123.01,144,NORMAL
796,0.9,121.57,180,NORMAL
797,0.86,102.04,144,NORMAL
798,0.88,122.79,128,NORMAL
799,0.9,118.07,138,NORMAL
800,0.86,132.43,204,NORMAL
801,0.87,146.03,204,NORMAL
802,0.9,159.7,104,NORMAL
803,0.86,149.24,134,NORMAL
804,0.87,164.56,150,NORMAL
805,0.89,136.46,148,NORMAL
806,0.86,156.44,118,NORMAL
808,0.87,113.24,186,NORMAL
809,0.88,144.15,168,NORMAL
810,0.87,163.46,56,NORMAL
811,0.88,155.64,164,NORMAL
812,0.88,159.18,158,NORMAL
813,0.88,160.01,164,NORMAL
814,0.87,154.38,140,NORMAL
815,0.88,155.83,160,NORMAL
816,0.88,158.23,160,NORMAL
817,0.87,173,128,NORMAL
818,0.87,154.63,138,NORMAL
819,0.88,160.51,124,NORMAL
820,0.87,116.57,138,NORMAL
821,0.88,120.07,140,NORMAL
822,0.89,166.65,76,NORMAL
823,0.85,165.94,22,NORMAL
825,0.87,163.51,16,NORMAL
826,0.88,156.68,144,NORMAL
827,0.88,162.51,148,NORMAL
828,0.88,159.04,150,NORMAL
829,0.88,157.36,124,NORMAL
830,0.88,142.64,134,NORMAL
831,0.86,153.52,114,NORMAL
832,0.88,164.19,124,NORMAL
833,0.9,135.82,124,NORMAL
834,0.86,140.61,160,NORMAL
835,0.87,121.33,134,NORMAL
836,0.88,162.47,122,NORMAL
837,0.88,152.81,118,NORMAL
838,0.84,145.8,128,NORMAL
839,0.88,155.43,132,NORMAL
840,0.89,155.22,122,NORMAL
841,0.85,154.64,140,NORMAL
843,0.88,136.98,124,NORMAL
844,0.89,96.65,164,NORMAL
845,0.86,157.42,56,NORMAL
846,0.86,164.04,104,NORMAL
847,0.88,146.54,168,NORMAL
848,0.87,167.69,160,NORMAL
849,0.84,135.52,140,NORMAL
850,0.89,169.45,134,NORMAL
851,0.88,154.85,154,NORMAL
852,0.86,148.89,128,NORMAL
853,0.88,173.26,122,NORMAL
854,0.9,142.89,128,NORMAL
855,0.86,112.78,124,NORMAL
856,0.88,126.02,206,NORMAL
857,0.9,136.38,184,NORMAL
858,0.86,164.55,186,NORMAL
860,0.86,154.98,16,NORMAL
861,0.89,167.49,128,NORMAL
862,0.87,139.8,144,NORMAL
863,0.87,136.52,124,NORMAL
864,0.89,134.69,174,NORMAL
865,0.88,118.57,134,NORMAL
866,0.85,127.44,158,NORMAL
867,0.88,152.09,132,NORMAL
868,0.88,148.25,148,NORMAL
869,0.86,153.49,132,NORMAL
870,0.88,157.51,122,NORMAL
871,0.89,133,124,NORMAL
872,0.88,130.68,144,NORMAL
873,0.84,136.41,132,NORMAL
874,0.88,137.66,150,NORMAL
875,0.9,146.18,86,NORMAL
876,0.86,165.05,104,NORMAL
878,0.87,155.25,102,NORMAL
879,0.9,165.71,36,NORMAL
880,0.86,151.29,160,NORMAL
881,0.86,154.13,140,NORMAL
882,0.9,149.89,124,NORMAL
883,0.88,139.89,132,NORMAL
884,0.85,130.16,122,NORMAL
885,0.88,171.04,128,NORMAL
886,0.9,136.28,124,NORMAL
887,0.86,103.94,206,NORMAL
888,0.87,162.56,50,NORMAL
889,0.9,164.03,26,NORMAL
890,0.86,168.66,98,NORMAL
891,0.86,154.87,128,NORMAL
892,0.89,157.56,128,NORMAL
893,0.88,161.19,128,NORMAL
895,0.86,127.01,138,NORMAL
896,0.89,149.25,40,NORMAL
897,0.87,168.83,96,NORMAL
898,0.85,153.47,132,NORMAL
899,0.89,159.13,168,NORMAL
900,0.88,165.51,134,NORMAL
901,0.86,133.81,122,NORMAL
902,0.89,130.15,204,NORMAL
903,0.88,127.91,212,NORMAL
904,0.86,135.45,158,NORMAL
905,0.89,144.24,220,NORMAL
906,0.88,162.87,10,NORMAL
907,0.85,164,144,NORMAL
908,0.89,162.31,134,NORMAL
909,0.89,139.33,124,NORMAL
10,0.85,108.29,216,NORMAL
912,0.89,155.33,128,NORMAL
913,0.88,160.75,154,NORMAL
914,0.85,154.98,160,NORMAL
915,0.88,155.76,128,NORMAL
916,0.88,158.5,168,NORMAL
917,0.84,158.47,138,NORMAL
918,0.88,166.46,164,NORMAL
919,0.88,162.45,122,NORMAL
920,0.84,171.7,118,NORMAL
21,0.88,157.6,158,NORMAL
922,0.88,147.6,150,NORMAL
923,0.85,146.86,154,NORMAL
924,0.88,155.73,114,NORMAL
925,0.88,155.94,164,NORMAL
926,0.86,147.95,154,NORMAL
927,0.9,135.89,132,NORMAL
928,0.87,134.22,118,NORMAL
930,0.87,123.91,204,NORMAL
931,0.89,139.6,184,NORMAL
932,0.85,156.36,128,NORMAL
933,0.87,158.4,148,NORMAL
934,0.89,154.48,150,NORMAL
935,0.85,157.66,148,NORMAL
936,0.88,162.39,122,NORMAL
937,0.9,146.14,148,NORMAL
938,0.85,162.21,144,NORMAL
939,0.88,156.29,150,NORMAL
940,0.9,154.26,150,NORMAL
941,0.85,158.84,144,NORMAL
942,0.88,160.75,140,NORMAL
943,0.9,151.69,144,NORMAL
944,0.84,156.83,140,NORMAL
945,0.86,139.29,144,NORMAL
947,0.9,173.7,122,NORMAL
948,0.85,139.97,124,NORMAL
949,0.87,161.79,118,NORMAL
950,0.89,172.27,132,NORMAL
951,0.86,160.32,150,NORMAL
952,0.86,167.59,118,NORMAL
953,0.9,155.71,132,NORMAL
954,0.87,143.04,122,NORMAL
955,0.86,153.12,118,NORMAL
956,0.9,146.22,124,NORMAL
957,0.86,150.4,140,NORMAL
958,0.88,153.95,140,NORMAL
959,0.89,162.14,104,NORMAL
960,0.85,113.06,222,NORMAL
961,0.88,101.51,132,NORMAL
962,0.87,139.8,124,NORMAL
964,0.87,107.06,160,NORMAL
965,0.88,138.21,186,NORMAL
966,0.86,128.87,200,NORMAL
967,0.89,168.33,66,NORMAL
968,0.86,158.72,148,NORMAL
969,0.87,156.35,150,NORMAL
970,0.89,152.91,148,NORMAL
971,0.84,161.45,36,NORMAL
972,0.88,167.07,66,NORMAL
973,0.87,162.09,58,NORMAL
974,0.86,156.76,112,NORMAL
975,0.9,166.88,16,NORMAL
976,0.87,151.69,76,NORMAL
977,0.87,168.71,62,NORMAL
978,0.89,154.42,134,NORMAL
979,0.86,157.4,140,NORMAL
980,0.86,147.05,140,NORMAL
982,0.88,159.59,154,NORMAL
983,0.86,162.79,128,NORMAL
984,0.87,162.62,118,NORMAL
985,0.89,158.93,150,NORMAL
986,0.86,170.12,118,NORMAL
987,0.86,170.64,124,NORMAL
988,0.89,139.07,122,NORMAL
989,0.87,163.15,40,NORMAL
990,0.87,119.36,216,NORMAL
991,0.89,111.39,144,NORMAL
992,0.84,136.31,150,NORMAL
993,0.87,129.34,150,NORMAL
994,0.89,153,134,NORMAL
995,0.85,130.82,140,NORMAL
996,0.86,136.99,140,NORMAL
997,0.89,163.02,154,NORMAL
999,0.85,159.8,22,NORMAL
1000,0.86,153.82,114,NORMAL
1001,0.89,116.98,210,NORMAL
1002,0.85,140.93,190,NORMAL
1003,0.87,148.72,212,NORMAL
1004,0.9,164.52,22,NORMAL
1005,0.86,164.32,78,NORMAL
1006,0.88,150.88,154,NORMAL
1007,0.89,157.83,168,NORMAL
1008,0.84,162.57,128,NORMAL
1009,0.9,136.24,128,NORMAL
1010,0.87,121.88,176,NORMAL
1011,0.88,128.22,206,NORMAL
1012,0.89,135.75,184,NORMAL
1013,0.86,158.47,212,NORMAL
1014,0.89,162.85,14,NORMAL
1015,0.87,161.79,140,NORMAL
017,0.86,155.12,150,NORMAL
1018,0.9,159.7,128,NORMAL
1019,0.85,140.77,132,NORMAL
1020,0.88,158.33,50,NORMAL
1021,0.89,160.36,154,NORMAL
1022,0.84,164.27,128,NORMAL
1023,0.89,155.15,154,NORMAL
1024,0.86,151.1,134,NORMAL
1025,0.87,145.94,122,NORMAL
1026,0.9,147.72,58,NORMAL
1027,0.85,158.34,98,NORMAL
1028,0.88,147.8,144,NORMAL
1029,0.88,146.81,138,NORMAL
1030,0.85,163.52,148,NORMAL
1031,0.89,156.71,150,NORMAL
1032,0.87,144.45,144,NORMAL
1034,0.87,154.96,128,NORMAL
1035,0.9,134.26,194,NORMAL
1036,0.85,158.67,62,NORMAL
1037,0.88,153.73,124,NORMAL
1038,0.89,163.42,6,NORMAL
1039,0.84,145.68,148,NORMAL
1040,0.91,140.2,134,NORMAL
1041,0.86,130.1,128,NORMAL
1042,0.86,128.53,216,NORMAL
1043,0.9,158.92,140,NORMAL
1044,0.85,151.65,138,NORMAL
1045,0.87,115.21,180,NORMAL
1046,0.89,166.83,62,NORMAL
1047,0.86,151.79,148,NORMAL
1048,0.88,151.15,140,NORMAL
1049,0.88,135.36,134,NORMAL
1051,0.85,153.44,68,NORMAL
1052,0.88,158.76,132,NORMAL
1053,0.88,162.42,102,NORMAL
1054,0.87,164.44,128,NORMAL
1055,0.87,153.74,138,NORMAL
1056,0.88,157.57,148,NORMAL
1057,0.88,120.12,140,NORMAL
1058,0.89,133.39,132,NORMAL
1059,0.87,163.11,78,NORMAL
1060,0.86,159.03,158,NORMAL
1061,0.89,161.52,164,NORMAL
1062,0.86,148.43,168,NORMAL
1063,0.86,144.49,118,NORMAL
1064,0.89,124.15,232,NORMAL
1065,0.86,152.67,140,NORMAL
1066,0.87,154.83,118,NORMAL
1067,0.9,112.19,220,NORMAL
1069,0.84,156.35,62,NORMAL
1070,0.88,139.73,150,NORMAL
1071,0.9,138.79,132,NORMAL
1072,0.83,168.02,52,NORMAL
1073,0.88,151.12,150,NORMAL
1074,0.88,159.86,118,NORMAL
1075,0.86,110.47,194,NORMAL
1076,0.89,143.25,220,NORMAL
1077,0.87,152.79,160,NORMAL
1078,0.88,136.45,128,NORMAL
1079,0.9,149.94,148,NORMAL
1080,0.84,112.62,124,NORMAL
1081,0.88,162.77,4,NORMAL
1082,0.9,146.6,148,NORMAL
1083,0.84,132.25,118,NORMAL
1084,0.88,108.95,158,NORMAL
1086,0.88,165.44,102,NORMAL
1087,0.85,153.2,134,NORMAL
1088,0.89,101.18,128,NORMAL
1089,0.88,123.14,176,NORMAL
1090,0.86,148.4,58,NORMAL
1091,0.89,158.25,58,NORMAL
1092,0.88,146.82,134,NORMAL
1093,0.86,120.31,176,NORMAL
1094,0.9,147.27,212,NORMAL
1095,0.87,152.06,150,NORMAL
1096,0.87,141.12,122,NORMAL
1097,0.89,163.41,160,NORMAL
1098,0.86,129.43,118,NORMAL
1099,0.86,163.21,138,NORMAL
1100,0.9,145.2,148,NORMAL
1101,0.86,125.6,138,NORMAL
1102,0.88,158.78,124,NORMAL
1104,0.88,144.6,134,NORMAL
1105,0.88,163.95,134,NORMAL
1106,0.88,152.95,124,NORMAL
1107,0.88,124.89,154,NORMAL
1108,0.88,145.86,150,NORMAL
1109,0.88,133.92,170,NORMAL
1110,0.88,166.92,122,NORMAL
1111,0.87,146.57,58,NORMAL
1112,0.88,152.5,164,NORMAL
1113,0.87,143.77,128,NORMAL
1114,0.87,133.55,160,NORMAL
1115,0.88,149.88,148,NORMAL
1116,0.88,126.51,132,NORMAL
1117,0.87,140.76,206,NORMAL
1118,0.9,159.37,164,NORMAL
1119,0.87,122.15,134,NORMAL
1121,0.88,153.73,216,NORMAL
1122,0.9,152.61,150,NORMAL
1123,0.86,143.41,114,NORMAL
1124,0.9,101.32,220,NORMAL
1125,0.86,152.7,150,NORMAL
1126,0.84,160.06,118,NORMAL
1127,0.91,164.19,4,NORMAL
1128,0.8,162.87,134,NORMAL
1129,0.88,160.45,50,NORMAL
1130,0.88,146.79,118,NORMAL
1131,0.86,171.28,96,NORMAL
1132,0.88,139.79,122,NORMAL
1133,0.67,166.46,26,NORMAL
1134,0.87,168.51,134,NORMAL
1135,0.69,124.93,98,NORMAL
1136,0.54,151.07,82,NORMAL
1138,1.06,133.98,170,NORMAL
1139,0.14,158.39,66,NORMAL
1140,0.69,132.52,88,NORMAL
1141,1.02,164.86,4,NORMAL
1142,0.15,136.02,58,NORMAL
1143,0.91,170.69,86,NORMAL
1144,0.8,167.12,150,NORMAL
1145,0.27,113.26,86,NORMAL
1146,0.9,164.26,92,NORMAL
1147,0.44,149.9,50,NORMAL
1148,0.46,148.09,86,NORMAL
1149,1.06,145.15,168,NORMAL
1150,0.56,141.42,134,NORMAL
1151,0.67,150.81,114,NORMAL
1152,0.96,96.44,140,NORMAL
1153,0.15,157.94,50,NORMAL
1154,0.65,99.18,150,NORMAL
1156,1.03,161.21,72,NORMAL
1157,0.55,136.44,46,NORMAL
1158,0.61,131.83,144,NORMAL
1159,1.15,145.64,154,NORMAL
1160,0.23,133.15,46,NORMAL
1161,0.68,141.21,150,NORMAL
1162,0.83,124.92,112,NORMAL
1163,0.29,156.03,98,NORMAL
1164,0.93,155.85,158,NORMAL
1165,0.76,132.02,108,NORMAL
1166,0.63,146.31,104,NORMAL
1167,0.94,133.4,128,NORMAL
1168,0.63,158.99,40,NORMAL
1169,0.68,135.81,102,NORMAL
1170,1.1,164.82,150,NORMAL
1171,0.41,157.24,82,NORMAL
1173,0.7,163.04,108,NORMAL
1174,0.94,163.96,46,NORMAL
1175,0.52,149.44,78,NORMAL
1176,0.78,129.24,134,NORMAL
1177,0.77,163.43,96,NORMAL
1178,0.64,137.88,46,NORMAL
1179,0.72,147.06,128,NORMAL
1180,1.07,129.08,150,NORMAL
1181,0.51,163.67,46,NORMAL
1182,0.59,144.5,108,NORMAL
1183,0.97,167.13,134,NORMAL
1184,0.6,149.26,112,NORMAL
1185,0.33,161.59,92,NORMAL
1186,0.95,154.63,62,NORMAL
1187,0.83,162.64,144,NORMAL
1188,0.32,117.1,36,NORMAL
1189,0.68,159.23,122,NORMAL
1191,0.74,170.73,104,NORMAL
1192,0.58,129.22,66,NORMAL
1193,0.64,167.14,26,NORMAL
1194,0.97,164.29,132,NORMAL
1195,0.66,136.18,76,NORMAL
1196,0.63,155.21,52,NORMAL
1197,0.86,142.95,154,NORMAL
1198,0.74,158.68,58,NORMAL
1199,0.39,162.01,32,NORMAL
1200,0.84,131.78,124,NORMAL
1201,0.76,161.62,138,NORMAL
1202,0.44,120.23,62,NORMAL
1203,0.72,158.81,154,NORMAL
1204,0.83,141.34,150,NORMAL
1205,0.63,120.94,76,NORMAL
1206,0.64,147.31,128,NORMAL
1208,0.96,127.19,138,NORMAL
1209,0.65,155.38,98,NORMAL
1210,0.6,148.06,86,NORMAL
1211,0.98,146.9,4,NORMAL
1212,0.33,158.6,4,NORMAL
1213,0.66,160.54,108,NORMAL
1214,0.79,121.38,144,NORMAL
1215,0.48,159.35,98,NORMAL
1216,1,152,134,NORMAL
1217,0.38,160.31,82,NORMAL
1218,0.78,145.4,154,NORMAL
1219,0.72,128.74,124,NORMAL
1220,0.64,149.28,118,NORMAL
1221,0.75,157.82,140,NORMAL
1222,0.4,87.51,134,NORMAL
1223,0.96,150.62,160,NORMAL
1225,0.5,162.65,50,NORMAL
1226,0.9,152.09,68,NORMAL
1227,0.48,155.82,50,NORMAL
1228,0.76,147.47,138,NORMAL
1229,0.9,153.95,98,NORMAL
1230,0.67,157.47,52,NORMAL
1231,0.8,149.89,154,NORMAL
1232,0.28,117.72,52,NORMAL
1233,0.98,156.86,26,NORMAL
1234,0.5,145.43,36,NORMAL
1235,0.91,133.56,138,NORMAL
1236,0.54,161.92,132,NORMAL
1237,0.82,160.26,132,NORMAL
1238,0.76,148.48,114,NORMAL
1239,0.67,155.59,108,NORMAL
1240,0.98,159.58,6,NORMAL
1241,0.49,157.58,42,NORMAL
1243,0.74,167.23,32,NORMAL
1244,0.94,129.53,134,NORMAL
1245,0.38,162.18,4,NORMAL
1246,0.9,156.49,122,NORMAL
1247,0.73,160.02,98,NORMAL
1248,0.58,153.47,102,NORMAL
1249,0.94,157.2,262,NORMAL
1250,0.64,139.17,78,NORMAL
1251,0.74,109.96,212,NORMAL
1252,0.96,157.2,56,NORMAL
1253,0.37,140.55,72,NORMAL
1254,0.96,138.76,138,NORMAL
1255,0.59,153.44,102,NORMAL
1256,0.61,139.08,82,NORMAL
1257,1.04,161.87,108,NORMAL
1258,0.58,153.11,40,NORMAL
1260,0.8,165.58,20,NORMAL
1261,0.64,152.03,112,NORMAL
1262,0.54,127.15,112,NORMAL
1263,1.05,144.65,154,NORMAL
1264,0.41,128.07,82,NORMAL
1265,0.85,151.22,148,NORMAL
1266,0.61,102.83,88,NORMAL
1267,0.68,153.91,140,NORMAL
1268,0.87,170.43,102,NORMAL
1269,0.48,121.7,72,NORMAL
1270,0.86,158.79,168,NORMAL
1271,0.47,156.47,78,NORMAL
1272,0.74,94.67,164,NORMAL
1273,0.73,158.27,128,NORMAL
1274,0.65,153.01,104,NORMAL
1275,1.04,153.55,124,NORMAL
1276,0.44,131.36,140,NORMAL
1278,0.85,152.71,118,NORMAL
1279,0.8,139.73,158,NORMAL
1280,0.1,159.43,98,NORMAL
1281,1,159.89,150,NORMAL
1282,0.48,147.27,86,NORMAL
1283,0.74,141.27,148,NORMAL
1284,0.76,153.33,160,NORMAL
1285,0.38,155.97,66,NORMAL
1286,0.89,169.47,92,NORMAL
1287,0.57,152.88,98,NORMAL
1288,0.68,129.91,82,NORMAL
1289,0.86,114.62,232,NORMAL
1290,0.33,153.22,42,NORMAL
1291,0.86,128.46,164,NORMAL
1292,0.8,155.12,114,NORMAL
1293,0.4,146.16,86,NORMAL
1295,1.04,108.83,168,NORMAL
1296,0.6,152.15,88,NORMAL
1297,0.67,161.13,104,NORMAL
1298,0.98,142.65,102,NORMAL
1299,0.52,156.17,40,NORMAL
1300,0.74,158.64,32,NORMAL
1301,0.73,157.47,124,NORMAL
1302,0.06,162.12,6,NORMAL
1303,0.92,137.84,134,NORMAL
1304,0.58,158.41,10,NORMAL
1305,0.65,129.85,96,NORMAL
1306,0.82,157.63,170,NORMAL
1307,0.58,123.42,62,NORMAL
1308,0.76,130.51,26,NORMAL
1309,0.82,154.88,144,NORMAL
1310,0.5,128.93,62,NORMAL
1312,0.8,157.96,180,NORMAL
1313,0.44,142.66,88,NORMAL
1314,0.65,153.83,86,NORMAL
1315,0.9,169.36,150,NORMAL
1316,0.57,163.19,6,NORMAL
1317,0.81,153.38,108,NORMAL
1318,0.9,141.01,220,NORMAL
1319,0.47,155.24,58,NORMAL
1320,0.84,119.53,170,NORMAL
1321,0.78,164.69,78,NORMAL
1322,0.52,140.87,104,NORMAL
1323,0.91,153.84,170,NORMAL
1324,0.57,122.16,108,NORMAL
1325,0.66,162.68,114,NORMAL
1326,0.98,149.55,140,NORMAL
1327,0.6,132.79,118,NORMAL
1328,0.7,149.23,122,NORMAL
1330,0.93,124.53,150,NORMAL
1331,0.43,157.87,26,NORMAL
1332,0.83,114.86,118,NORMAL
1333,0.93,148.13,20,NORMAL
1334,0.2,174.75,62,NORMAL
1335,0.84,154.75,88,NORMAL
1336,0.78,151.65,92,NORMAL
1337,0.52,160.37,32,NORMAL
1338,1.03,145.73,170,NORMAL
1339,0.61,132.13,92,NORMAL
1340,0.64,165.61,50,NORMAL
1341,1.04,132.06,140,NORMAL
1342,0.53,99.66,82,NORMAL
1343,0.68,148.8,98,NORMAL
1344,0.93,148.72,186,NORMAL
1345,0.64,149.99,22,NORMAL
1347,0.51,145.92,112,NORMAL
1348,1.01,158.85,36,NORMAL
1349,0.58,153.36,82,NORMAL
1350,0.45,158.3,98,NORMAL
1351,0.92,144.72,140,NORMAL
1352,0.76,158.78,104,NORMAL
1353,0.16,162.01,16,NORMAL
1354,0.79,151.6,132,NORMAL
1355,0.94,156.78,132,NORMAL
1356,0.42,161.57,50,NORMAL
1357,0.76,143.04,148,NORMAL
1358,1,145.92,122,NORMAL
1359,0.46,160.8,42,NORMAL
1360,0.7,146.79,122,NORMAL
1361,0.95,129.66,144,NORMAL
1362,0.55,148.49,88,NORMAL
1363,0.69,163.72,14,NORMAL
1365,0.91,159.77,140,NORMAL
1366,0.74,155.12,52,NORMAL
1367,0.43,151.95,20,NORMAL
1368,0.76,160.37,72,NORMAL
1369,0.86,167.57,104,NORMAL
1370,0.44,157.59,26,NORMAL
1371,0.62,150.77,134,NORMAL
1372,1.05,115.6,184,NORMAL
1373,0.54,149.27,76,NORMAL
1374,0.72,127.84,78,NORMAL
1375,1.01,162.14,164,NORMAL
1376,0.55,131.89,118,NORMAL
1377,0.5,149.99,134,NORMAL
1378,0.85,126.57,124,NORMAL
1379,0.39,164.34,68,NORMAL
1380,0.79,137.91,138,NORMAL
1382,0.7,155.13,128,NORMAL
1383,0.64,161.96,98,NORMAL
1384,0.94,132.37,134,NORMAL
1385,0.4,163.87,66,NORMAL
1386,0.88,114.54,164,NORMAL
1387,0.7,154.95,124,NORMAL
1388,0.66,135.22,88,NORMAL
1389,1.04,166.08,46,NORMAL
1390,0.52,145.72,78,NORMAL
1391,0.65,133.08,124,NORMAL
1392,0.91,155.19,124,NORMAL
1393,0.55,110.04,52,NORMAL
1394,0.7,162.14,138,NORMAL
1395,0.8,171.64,112,NORMAL
1396,0.4,161.61,6,NORMAL
1397,0.88,150.41,124,NORMAL
1399,0.77,139.42,86,NORMAL
1400,0.29,146.28,68,NORMAL
1401,0.86,163.9,40,NORMAL
1402,0.76,152.23,114,NORMAL
1403,0.39,164.29,52,NORMAL
1404,0.92,135.96,154,NORMAL
1405,0.65,167.47,46,NORMAL
1406,0.69,134.3,92,NORMAL
1407,0.96,155.23,104,NORMAL
1408,0.51,157.72,96,NORMAL
1409,0.52,142.88,96,NORMAL
1410,1.08,133.2,206,NORMAL
1411,0.39,165.37,6,NORMAL
1412,0.83,136.97,124,NORMAL
1413,0.74,165.78,98,NORMAL
1414,0.61,161.19,92,NORMAL
1415,0.94,149.44,138,NORMAL
1417,0.61,157.92,68,NORMAL
1418,0.67,139.42,26,NORMAL
1419,0.98,166.39,186,NORMAL
1420,0.48,91.36,98,NORMAL
1421,0.74,156.47,114,NORMAL
1422,0.86,98.09,158,NORMAL
1423,0.51,148.48,96,NORMAL
1424,0.82,161.62,108,NORMAL
1425,0.98,134.68,132,NORMAL
1426,0.4,156.85,30,NORMAL
1427,0.82,133.91,114,NORMAL
1428,0.89,149.56,158,NORMAL
1429,0.56,144.37,62,NORMAL
1430,0.76,129.66,174,NORMAL
1431,0.96,165.61,144,NORMAL
1432,0.41,152.91,68,NORMAL
1434,0.61,104.54,108,NORMAL
1435,0.88,156.69,190,NORMAL
1436,0.69,92.23,154,NORMAL
1437,0.34,161.89,52,NORMAL
1438,0.74,156.68,108,NORMAL
1439,0.89,143.86,174,NORMAL
1440,0.55,171.42,36,NORMAL
1441,0.64,155.75,96,NORMAL
1442,1.04,137.15,230,NORMAL
1443,0.56,160.45,78,NORMAL
1444,0.64,163.38,22,NORMAL
1445,0.97,160.85,148,NORMAL
1446,0.57,141.04,154,NORMAL
1447,0.5,154.7,98,NORMAL
1448,0.96,136.26,144,NORMAL
1449,0.5,143.06,102,NORMAL
1450,0.64,142.71,134,NORMAL
1452,0.93,149.7,164,NORMAL
1453,0.61,153.48,86,NORMAL
1454,0.69,162.43,82,NORMAL
1455,0.82,156.36,134,NORMAL
1456,0.34,147.67,36,NORMAL
1457,0.86,146.22,164,NORMAL
1458,0.72,159.76,114,NORMAL
1459,0.64,135.3,118,NORMAL
1460,1.06,169.21,14,NORMAL
1461,0.46,155.66,78,NORMAL
1462,0.84,97.77,118,NORMAL
1463,0.82,154.09,134,NORMAL
1464,0.48,162.87,30,NORMAL
1465,1.01,150.08,128,NORMAL
1466,0.46,130.14,68,NORMAL
1467,0.68,160.41,114,NORMAL
1469,0.96,139.12,140,NORMAL
1470,0.48,166.41,36,NORMAL
1471,0.82,132.19,118,NORMAL
1472,0.75,156.44,52,NORMAL
1473,0.36,158.2,56,NORMAL
1474,0.94,146.78,122,NORMAL
1475,0.72,133.91,190,NORMAL
1476,0.16,160.33,0,NORMAL
1477,0.94,121.32,132,NORMAL
1478,1.03,156.29,148,NORMAL
1479,0.44,125.35,76,NORMAL
1480,0.73,148.72,134,NORMAL
1481,0.96,137.44,138,NORMAL
1482,0.47,154.64,52,NORMAL
1483,0.6,163.94,88,NORMAL
1484,0.92,116.25,222,NORMAL
1486,0.78,153.1,82,NORMAL
1487,0.12,141.9,30,NORMAL
1488,0.88,166.47,122,NORMAL
1489,0.95,151.11,158,NORMAL
1490,0.56,145.11,16,NORMAL
1491,0.68,162.05,96,NORMAL
1492,0.97,161.8,72,NORMAL
1493,0.5,152.57,86,NORMAL
1494,0.26,162.51,62,NORMAL
1495,0.78,115.88,220,NORMAL
1496,0.95,161.81,114,NORMAL
1497,0.47,116.64,86,NORMAL
1498,0.68,156.26,124,NORMAL
1499,0.97,146.24,144,NORMAL
1500,0.57,156.18,88,NORMAL
1501,0.67,125.14,118,NORMAL
1502,0.94,157.69,62,NORMAL
1504,0.76,137.09,112,NORMAL
1505,0.38,165.64,4,NORMAL
1506,0.72,147.4,140,NORMAL
1507,0.84,171.35,128,NORMAL
1508,0.59,162.8,40,NORMAL
1509,0.72,156.61,102,NORMAL
1510,1.02,159.74,150,NORMAL
1511,0.78,135.59,86,NORMAL
1512,0.24,119.71,144,NORMAL
1513,0.87,156.97,128,NORMAL
1514,0.86,154.81,78,NORMAL
1515,0.54,154.97,66,NORMAL
1516,0.71,128.83,160,NORMAL
1517,0.96,158.08,170,NORMAL
1518,0.65,147.36,102,NORMAL
1519,0.54,158.55,96,NORMAL
1521,0.88,165.52,6,NORMAL
1522,0.86,156.04,124,NORMAL
1523,0.48,99.96,62,NORMAL
1524,0.86,156.68,114,NORMAL
1525,0.99,136.15,144,NORMAL
1526,0.58,166.67,42,NORMAL
1527,0.64,161.93,104,NORMAL
1528,0.99,104.43,168,NORMAL
1529,0.62,152.22,112,NORMAL
1530,0.58,136.96,118,NORMAL
1531,0.86,154.61,174,NORMAL
1532,0.74,128.22,96,NORMAL
1533,0.48,155.64,108,NORMAL
1534,0.88,150.16,138,NORMAL
1535,0.71,121.25,128,NORMAL
1536,0.24,137.61,78,NORMAL
1538,0.89,119.38,154,NORMAL
1539,0.82,153.03,144,NORMAL
1540,0.38,128.52,36,NORMAL
1541,0.81,161.56,42,NORMAL
1542,0.93,157.93,124,NORMAL
1543,0.59,121.46,86,NORMAL
1544,0.52,154.71,114,NORMAL
1545,1.04,136.77,194,NORMAL
1546,0.5,153.39,98,NORMAL
1547,0.68,126.88,128,NORMAL
1548,1.03,156.93,138,NORMAL
1549,0.59,155.48,150,NORMAL
1550,0.72,134.65,98,NORMAL
1551,0.99,165.8,50,NORMAL
1552,0.56,134.71,76,NORMAL
1553,0.75,167.45,20,NORMAL
1554,0.96,154.44,154,NORMAL
1556,0.54,165.37,40,NORMAL
1557,0.72,144.52,118,NORMAL
1558,0.98,148.66,148,NORMAL
1559,0.6,156.82,86,NORMAL
1560,0.74,126.38,112,NORMAL
1561,0.99,165.21,78,NORMAL
1562,0.52,159.1,66,NORMAL
1563,0.6,112.12,164,NORMAL
1564,0.86,161.62,66,NORMAL
1565,0.49,103.65,66,NORMAL
1566,0.81,160.34,148,NORMAL
1567,0.83,148.56,102,NORMAL
1568,0.32,153.68,22,NORMAL
1569,0.84,152.74,138,NORMAL
1570,0.77,141.65,124,NORMAL
1571,0.6,138.72,104,NORMAL
1573,0.99,111.71,140,NORMAL
1574,0.58,143.7,14,NORMAL
1575,0.86,150.29,124,NORMAL
1576,0.86,109.21,148,NORMAL
1577,0.33,156.07,26,NORMAL
1578,0.95,170.4,122,NORMAL
1579,0.69,157.5,184,NORMAL
1580,0.62,159.3,88,NORMAL
1581,0.94,116.38,186,NORMAL
1582,0.54,155.73,96,NORMAL
1583,0.6,150.39,128,NORMAL
1584,1,124.25,132,NORMAL
1585,0.5,151.74,76,NORMAL
1586,0.67,155.89,108,NORMAL
1587,0.97,128.75,98,NORMAL
1588,0.61,157.43,42,NORMAL
1589,0.75,150.5,196,NORMAL
1591,0.97,153.93,154,NORMAL
1592,0.48,141.45,58,NORMAL
1593,0.79,164.43,14,NORMAL
1594,0.77,160.4,78,NORMAL
1595,0.57,156.75,56,NORMAL
1596,1.05,107.03,148,NORMAL
1597,0.45,163.45,78,NORMAL
1598,0.76,112.54,112,NORMAL
1599,0.92,161.45,46,NORMAL
1600,0.15,160.33,22,NORMAL
1601,0.9,114.98,174,NORMAL
1602,0.54,162.41,98,NORMAL
1603,0.67,159.91,96,NORMAL
1604,0.98,140.31,138,NORMAL
1605,0.56,153.75,78,NORMAL
1606,0.71,134.73,118,NORMAL
1608,0.85,148.77,158,NORMAL
1609,0.47,105.03,82,NORMAL
1610,0.87,156.97,154,NORMAL
1611,0.78,140.1,184,NORMAL
1612,0.47,158.86,112,NORMAL
1613,1.02,103.03,168,NORMAL
1614,0.54,160.75,42,NORMAL
1615,0.73,151.76,128,NORMAL
1616,0.92,141.38,50,NORMAL
1617,0.47,156.71,22,NORMAL
1618,0.86,152.02,138,NORMAL
1619,0.59,153.89,102,NORMAL
1620,0.68,130.89,124,NORMAL
1621,0.96,147.34,184,NORMAL
1622,0.44,120.92,112,NORMAL
23,0.8,149.38,128,NORMAL
1625,0.93,134.41,140,NORMAL
1626,0.32,157.14,76,NORMAL
1627,0.87,142.62,122,NORMAL
1628,0.7,161.47,104,NORMAL
1629,0.5,134.97,62,NORMAL
1630,0.93,149.64,160,NORMAL
1631,0.75,140.73,86,NORMAL
1632,0.63,161.71,108,NORMAL
1633,0.94,154.8,148,NORMAL
1634,0.52,153.51,78,NORMAL
1635,0.65,139,96,NORMAL
1636,1.02,162.43,78,NORMAL
1637,0.63,163.42,58,NORMAL
1638,0.82,136.3,150,NORMAL
1639,0.87,159.95,68,NORMAL
1640,0.49,139.14,58,NORMAL
1641,0.76,156.88,46,NORMAL
1643,0.77,159.22,88,NORMAL
1644,0.4,121.46,62,NORMAL
1645,0.83,157.09,168,NORMAL
1646,0.77,133.59,98,NORMAL
1647,0.59,150.65,118,NORMAL
1648,0.97,127.63,144,NORMAL
1649,0.66,150.31,92,NORMAL
1650,0.64,127.49,174,NORMAL
1651,0.94,151.42,128,NORMAL
1652,0.53,166.32,82,NORMAL
1653,0.73,131.63,104,NORMAL
1654,1.06,145.95,140,NORMAL
1655,0.63,139.85,14,NORMAL
1656,0.78,149.42,118,NORMAL
1657,0.91,127.35,164,NORMAL
1658,0.6,162.65,16,NORMAL
1660,0.56,136.56,118,NORMAL
1661,0.95,151.99,164,NORMAL
1662,0.61,139.68,88,NORMAL
1663,0.52,156.19,72,NORMAL
1664,0.94,114.51,184,NORMAL
1665,0.54,153.36,78,NORMAL
1666,0.67,152.21,114,NORMAL
1667,0.98,156.02,144,NORMAL
1668,0.52,151.75,108,NORMAL
1669,0.57,140.61,92,NORMAL
1670,0.91,153.48,168,NORMAL
1671,0.78,139.75,128,NORMAL
1672,0.4,113.32,46,NORMAL
1673,0.82,156.26,158,NORMAL
1674,0.91,164.87,14,NORMAL
1675,0.38,158.19,58,NORMAL
1676,0.82,161.77,10,NORMAL
1678,0.96,142.49,164,NORMAL
1679,0.6,110.27,128,NORMAL
1680,0.65,159.01,102,NORMAL
1681,1.01,159.03,250,NORMAL
1682,0.77,143.78,88,NORMAL
1683,0.37,153,6,NORMAL
1684,0.82,173.42,128,NORMAL
1685,0.96,120.08,170,NORMAL
1686,0.52,165.47,30,NORMAL
1687,0.72,139.82,108,NORMAL
1688,0.98,131.69,190,NORMAL
1689,0.65,149.69,78,NORMAL
1690,0.59,158.31,40,NORMAL
1691,0.85,114.46,148,NORMAL
1692,0.81,145.45,124,NORMAL
1693,0.46,117.01,108,NORMAL
1695,0.89,153.27,154,NORMAL
1696,0.77,143.42,140,NORMAL
1697,0.42,156.15,112,NORMAL
1698,1.02,165.12,4,NORMAL
1699,0.49,147.89,98,NORMAL
1700,0.72,120.65,108,NORMAL
1701,0.96,156.96,176,NORMAL
1702,0.34,118.73,36,NORMAL
1703,0.87,156.13,134,NORMAL
1704,0.74,146.58,122,NORMAL
1705,0.54,154.51,118,NORMAL
1706,1,158.31,132,NORMAL
1707,0.58,166.02,32,NORMAL
1708,0.7,150.65,102,NORMAL
1709,0.94,154.61,66,NORMAL
1710,0.47,159.21,98,NORMAL
1712,0.7,163.29,108,NORMAL
1713,0.99,138.72,220,NORMAL
1714,0.57,169.49,78,NORMAL
1715,0.66,161.02,118,NORMAL
1716,0.98,134.88,154,NORMAL
1717,0.56,161.96,112,NORMAL
1718,0.62,177.02,92,NORMAL
1719,0.98,163.61,104,NORMAL
1720,0.62,161.99,78,NORMAL
1721,0.69,160.19,16,NORMAL
1722,0.96,118.76,184,NORMAL
1723,0.52,149.05,76,NORMAL
1724,0.71,145.78,102,NORMAL
1725,1,143,186,NORMAL
1726,0.62,149.57,96,NORMAL
1727,0.72,129.07,128,NORMAL
1728,1.02,146.77,164,NORMAL
1730,0.39,138.99,66,NORMAL
1731,0.65,150.72,128,NORMAL
1732,0.98,152.92,138,NORMAL
1733,0.58,159.25,86,NORMAL
1734,0.68,157.08,96,NORMAL
1735,1.02,160.79,78,NORMAL
1736,0.65,148.75,16,NORMAL
1737,0.63,159.84,102,NORMAL
1738,1,130.13,144,NORMAL
1739,0.58,157.33,102,NORMAL
1740,0.62,161.18,96,NORMAL
1741,0.98,118.29,160,NORMAL
1742,0.54,151.3,112,NORMAL
1743,0.58,132.57,124,NORMAL
1744,1,134.01,144,NORMAL
1745,0.6,146.2,68,NORMAL
1747,0.66,160.05,160,NORMAL
1748,0.93,126.28,168,NORMAL
1749,0.71,161.94,118,NORMAL
1750,0.58,143.36,88,NORMAL
1751,0.89,150.81,158,NORMAL
1752,0.79,115.3,118,NORMAL
1753,0.29,159.41,72,NORMAL
1754,0.84,100.18,176,NORMAL
1755,0.8,141.53,112,NORMAL
1756,0.42,158.03,86,NORMAL
1757,0.71,160.05,118,NORMAL
1758,0.98,115.47,134,NORMAL
1759,0.44,138.27,72,NORMAL
1760,0.81,153.6,128,NORMAL
1761,0.91,161.16,150,NORMAL
1762,0.34,136.65,82,NORMAL
1763,0.73,145.03,118,NORMAL
1765,0.96,150.31,168,NORMAL
1766,0.59,123.04,86,NORMAL
1767,0.83,171.13,114,NORMAL
1768,0.97,148.82,174,NORMAL
1769,0.5,141.32,108,NORMAL
1770,0.54,137.58,114,NORMAL
1771,0.88,168.09,118,NORMAL
1772,0.44,152.52,86,NORMAL
1773,0.78,160.52,22,NORMAL
1774,0.98,148.64,118,NORMAL
1775,0.58,159.1,96,NORMAL
1776,0.66,143.17,164,NORMAL
1777,0.98,135.24,186,NORMAL
1778,0.61,140.34,88,NORMAL
1779,0.57,143.23,88,NORMAL
1780,1.01,149.31,138,NORMAL
1782,0.62,165.24,88,NORMAL
1783,0.4,138.01,96,NORMAL
1784,0.86,140.77,158,NORMAL
1785,0.8,164.17,76,NORMAL
1786,0.52,149.96,68,NORMAL
1787,0.84,153.28,148,NORMAL
77,0.92,184.28,176,NORMAL
1878,0.78,164.41,158,NORMAL
1879,0.37,185.53,30,NORMAL
1880,0.77,164.47,160,NORMAL
1881,0.96,158.48,210,NORMAL
1882,0.56,184.85,148,NORMAL
1883,0.66,170.34,114,NORMAL
1884,1.05,181.16,168,NORMAL
1886,0.78,167.18,184,NORMAL
1887,0.3,172.44,6,NORMAL
1888,0.78,155.64,174,NORMAL
1889,1,160.91,168,NORMAL
1890,0.45,156.73,92,NORMAL
1891,0.64,115.26,96,NORMAL
1892,0.85,179.98,168,NORMAL
1893,0.79,175.92,114,NORMAL
1894,0.14,170.02,42,NORMAL
1895,0.83,162.27,148,NORMAL
1896,0.85,200.23,210,NORMAL
1897,0.58,164.51,50,NORMAL
1898,0.66,173.17,66,NORMAL
1899,1.03,171.23,134,NORMAL
1900,0.71,165.77,132,NORMAL
1901,0.36,163.8,26,NORMAL
1902,0.84,153.75,150,NORMAL
1904,0.98,156.42,196,NORMAL
1905,0.54,181.03,86,NORMAL
1906,0.39,157.78,114,NORMAL
1907,0.83,176.81,186,NORMAL
1908,0.96,165.16,222,NORMAL
1909,0.54,147.66,76,NORMAL
1910,0.57,170.88,68,NORMAL
1911,0.88,151.16,168,NORMAL
1912,0.94,179.5,150,NORMAL
1913,0.55,193.92,82,NORMAL
1914,0.63,191.78,128,NORMAL
1915,0.88,150.55,128,NORMAL
1916,0.77,149.4,144,NORMAL
1917,0.29,163.54,58,NORMAL
1918,0.7,165.01,148,NORMAL
1919,1,168.36,186,NORMAL
1921,0.52,200.93,128,NORMAL
1922,0.3,209.03,40,NORMAL
1923,0.84,158.35,6,NORMAL
1924,0.99,93.94,20,NORMAL
1925,0.57,149.13,86,NORMAL
1926,0.39,197.77,102,NORMAL
1927,0.95,170.57,190,NORMAL
1928,0.96,168.47,164,NORMAL
1929,0.48,140.7,108,NORMAL
1930,0.65,182.35,138,NORMAL
1931,0.88,201.91,196,NORMAL
1932,0.9,141.23,194,NORMAL
1933,0.58,164.1,102,NORMAL
1934,0.59,140.87,96,NORMAL
1935,0.9,49.67,40,NORMAL
1936,0.93,146.54,190,NORMAL
1937,0.56,146.68,78,NORMAL
1939,0.36,202.83,102,NORMAL
1940,0.72,162.14,98,NORMAL
1941,0.97,169.82,132,NORMAL
1942,0.8,167,22,NORMAL
1943,0.45,142.27,50,NORMAL
1944,0.64,143.5,88,NORMAL
1945,0.85,183.91,32,NORMAL
1946,0.8,148.26,122,NORMAL
1947,0.55,127.91,102,NORMAL
1948,0.64,150.27,88,NORMAL
1949,0.91,145.11,140,NORMAL
1950,0.97,142.46,96,NORMAL
1951,0.5,156.19,52,NORMAL
1952,0.63,149.46,112,NORMAL
1953,0.83,130.27,176,NORMAL
1954,0.97,146.09,170,NORMAL
1956,0.54,134.43,112,NORMAL
1957,0.38,146.33,40,NORMAL
1958,0.72,130.18,96,NORMAL
1959,0.97,139.77,134,NORMAL
1960,0.82,127.51,144,NORMAL
1961,0.62,128.72,46,NORMAL
1962,0.64,148.21,132,NORMAL
1963,0.85,136.46,154,NORMAL
1964,0.93,144.32,200,NORMAL
1965,0.59,150.73,72,NORMAL
1966,0.24,144.01,68,NORMAL
1967,0.74,119.01,92,NORMAL
1968,0.98,141.69,114,NORMAL
1969,0.8,112.07,88,NORMAL
1970,0.59,146.1,52,NORMAL
1971,0.64,150.55,150,NORMAL
1973,0.9,102.01,164,NORMAL
1974,0.96,143.58,150,NORMAL
1975,0.58,146.09,10,NORMAL
1976,0.2,117.72,58,NORMAL
1977,0.71,131.83,42,NORMAL
1978,0.92,109.18,102,NORMAL
1979,0.82,119.64,92,NORMAL
1980,0.55,106.75,72,NORMAL
1981,0.44,134.86,98,NORMAL
1982,0.78,140.93,104,NORMAL
1983,0.98,108.95,176,NORMAL
1984,0.8,113.36,56,NORMAL
1985,0.4,110.96,6,NORMAL
1986,0.65,141.48,22,NORMAL
1987,0.96,103.89,154,NORMAL
1988,0.85,119.41,122,NORMAL
1989,0.56,131.12,98,NORMAL
1991,0.31,125.46,26,NORMAL
1992,0.56,117.38,88,NORMAL
1993,0.97,122.85,88,NORMAL
1994,0.76,88.95,114,NORMAL
1995,0.62,108.07,20,NORMAL
1996,0.14,125.58,58,NORMAL
1997,0.69,139.42,128,NORMAL
1998,0.85,124.26,176,NORMAL
1999,1.1,130.88,138,NORMAL
2000,0.57,139.3,104,NORMAL
2001,0.41,131.53,32,NORMAL
2002,0.68,111.92,112,NORMAL
2003,0.87,97.36,122,NORMAL
2004,0.92,122.54,150,NORMAL
2005,0.62,132.54,6,NORMAL
2006,0.47,137.4,52,NORMAL
2008,0.68,119.75,98,NORMAL
2009,0.85,106.38,98,NORMAL
2010,0.97,128.12,98,NORMAL
2011,0.57,139.67,76,NORMAL
2012,0.23,132.32,86,NORMAL
2013,0.89,108.87,86,NORMAL
2014,1.02,90.95,118,NORMAL
2015,0.83,101.3,124,NORMAL
2016,0.59,124.83,56,NORMAL
2017,0.44,112.55,52,NORMAL
2018,0.78,132.78,86,NORMAL
2019,0.94,118.35,180,NORMAL
2020,0.83,108.75,86,NORMAL
2021,0.56,116.83,88,NORMAL
2022,0.58,119.88,40,NORMAL
2023,0.7,122.22,114,NORMAL
2025,0.95,124.65,144,NORMAL
2026,1.07,97.19,102,NORMAL
2027,0.62,104.27,52,NORMAL
2028,0.34,119.33,42,NORMAL
29,0.57,122.79,52,NORMAL
2030,0.73,103.46,96,NORMAL
2031,0.9,103.5,92,NORMAL
2032,0.95,116.56,96,NORMAL
2033,0.75,125.03,108,NORMAL
2034,0.4,117.4,66,NORMAL
2035,0.16,124.49,46,NORMAL
2036,0.68,126.33,62,NORMAL
2037,0.88,113.47,88,NORMAL
2038,0.98,111.48,56,NORMAL
2039,0.54,121.75,92,NORMAL
2040,0.44,110.2,56,NORMAL
041,0.66,105.77,30,NORMAL
2043,0.92,104.36,86,NORMAL
2044,0.98,126.78,102,NORMAL
2045,0.57,127.82,68,NORMAL
