Timestamp,Voltage,Current,Power,Predicted_State,Confidence_%
21:37:29.050,52.0,0.0,0.8,DRY_RUN,99.9
21:37:29.384,53.0,0.0,0.76,DRY_RUN,99.9
21:37:30.442,54.0,0.0,0.94,DRY_RUN,99.9
21:37:31.492,55.0,0.0,0.39,DRY_RUN,99.9
21:37:32.594,56.0,0.0,0.98,DRY_RUN,99.9
21:37:33.671,57.0,0.0,0.88,DRY_RUN,99.9
21:37:34.739,58.0,0.0,0.83,DRY_RUN,99.9
21:37:37.155,60.0,0.0,0.97,DRY_RUN,99.9
21:37:37.474,61.0,0.0,0.84,DRY_RUN,99.9
21:37:38.171,62.0,0.0,0.85,DRY_RUN,99.9
21:37:39.395,63.0,0.0,0.86,DRY_RUN,99.9
21:37:40.187,64.0,0.0,0.39,DRY_RUN,99.9
21:37:41.345,65.0,0.0,0.93,DRY_RUN,99.9
21:37:42.395,66.0,0.0,0.84,DRY_RUN,99.9
21:37:43.849,67.0,0.0,0.72,DRY_RUN,99.9
21:37:44.337,68.0,0.0,0.98,DRY_RUN,99.9
21:37:45.371,69.0,0.0,0.51,DRY_RUN,99.9
21:37:46.528,70.0,0.0,0.92,DRY_RUN,99.9
21:37:47.477,71.0,0.0,0.8,DRY_RUN,99.9
21:37:48.539,72.0,0.0,0.76,DRY_RUN,99.9
21:37:49.594,73.0,0.0,0.93,DRY_RUN,99.9
21:37:50.840,74.0,0.0,0.72,DRY_RUN,99.9
21:37:51.704,75.0,0.0,0.95,DRY_RUN,99.9
21:37:52.720,77.0,0.0,0.55,DRY_RUN,99.9
21:37:53.775,78.0,0.0,0.91,DRY_RUN,99.9
21:37:54.837,79.0,0.0,0.8,DRY_RUN,99.9
21:37:55.903,80.0,0.0,0.87,DRY_RUN,99.9
21:37:56.959,81.0,0.0,0.88,DRY_RUN,99.9
21:37:58.043,82.0,0.0,0.78,DRY_RUN,99.9
21:37:59.060,83.0,0.0,0.91,DRY_RUN,99.9
21:38:00.200,84.0,0.0,0.43,DRY_RUN,99.9
21:38:01.223,85.0,0.0,0.92,DRY_RUN,99.9
21:38:02.358,86.0,0.0,0.8,DRY_RUN,99.9
21:38:03.404,87.0,0.0,0.88,DRY_RUN,99.9
21:38:04.375,88.0,0.0,0.88,DRY_RUN,99.9
21:38:05.452,89.0,0.0,0.74,DRY_RUN,99.9
21:38:06.506,90.0,0.0,0.93,DRY_RUN,99.9
21:38:07.576,91.0,0.0,0.71,DRY_RUN,99.9
21:38:08.634,92.0,0.0,0.94,DRY_RUN,99.9
21:38:09.756,93.0,0.0,0.36,DRY_RUN,99.9
21:38:10.767,95.0,0.0,0.91,DRY_RUN,99.9
21:38:11.857,96.0,0.0,0.78,DRY_RUN,99.9
21:38:12.920,97.0,0.0,0.92,DRY_RUN,99.9
21:38:13.976,98.0,0.0,0.82,DRY_RUN,99.9
21:38:15.143,99.0,0.0,0.9,DRY_RUN,99.9
21:38:16.080,100.0,0.0,0.85,DRY_RUN,99.9
21:38:17.159,101.0,0.0,0.78,DRY_RUN,99.9
21:38:18.194,102.0,0.0,0.87,DRY_RUN,99.9
21:38:19.252,103.0,0.0,0.76,DRY_RUN,99.9
21:38:20.373,104.0,0.0,0.84,DRY_RUN,99.9
21:38:21.427,105.0,0.0,0.76,DRY_RUN,99.9
21:38:22.419,106.0,0.0,0.98,DRY_RUN,99.9
21:38:23.506,107.0,41.78,0.43,DRY_RUN,99.9
21:38:24.545,108.0,45.93,0.88,DRY_RUN,99.9
21:38:25.596,109.0,40.72,0.4,DRY_RUN,99.9
21:38:26.660,110.0,33.82,1.68,DRY_RUN,99.9
21:38:27.719,112.0,16.83,0.18,DRY_RUN,99.9
21:38:28.791,113.0,44.22,1.38,DRY_RUN,99.9
21:38:29.854,114.0,41.1,0.0,DRY_RUN,99.9
21:38:30.905,115.0,34.89,1.95,DRY_RUN,99.9
21:38:31.989,116.0,36.39,0.0,DRY_RUN,99.9
21:38:33.025,117.0,39.59,2.58,DRY_RUN,99.9
21:38:34.118,118.0,40.29,0.0,DRY_RUN,99.9
21:38:35.218,119.0,54.81,1.92,DRY_RUN,99.9
21:38:36.207,120.0,34.65,0.0,DRY_RUN,99.9
21:38:37.320,121.0,39.67,2.8,DRY_RUN,99.9
21:38:38.338,122.0,53.92,0.0,DRY_RUN,99.9
21:38:39.416,123.0,42.55,7.5,DRY_RUN,99.9
21:38:40.453,124.0,40.76,0.0,DRY_RUN,99.9
21:38:41.640,125.0,64.77,2.55,DRY_RUN,99.9
21:38:42.620,126.0,67.73,0.8,DRY_RUN,99.8
21:38:43.685,127.0,42.96,0.88,DRY_RUN,99.8
21:38:44.698,128.0,37.6,0.82,DRY_RUN,99.8
21:38:45.760,130.0,46.3,0.83,DRY_RUN,99.8
21:38:46.842,131.0,40.36,0.8,DRY_RUN,99.9
21:38:47.901,132.0,25.78,0.65,DRY_RUN,99.9
21:38:48.935,133.0,54.94,0.91,DRY_RUN,99.9
21:38:50.067,134.0,44.4,0.77,DRY_RUN,99.9
21:38:51.081,135.0,60.33,0.96,DRY_RUN,99.9
21:38:52.141,136.0,13.03,0.42,DRY_RUN,99.9
21:38:53.175,137.0,49.87,0.96,DRY_RUN,99.9
21:38:54.304,138.0,43.47,0.54,DRY_RUN,99.9
21:38:55.327,139.0,64.93,0.89,DRY_RUN,99.9
21:38:56.433,140.0,44.48,0.79,DRY_RUN,99.9
21:38:57.432,141.0,52.06,0.88,DRY_RUN,99.8
21:38:58.519,142.0,52.93,0.78,DRY_RUN,99.8
21:38:59.538,143.0,58.72,0.93,DRY_RUN,99.8
21:39:00.642,144.0,47.33,0.8,DRY_RUN,99.8
21:39:01.662,145.0,48.77,0.97,DRY_RUN,99.8
21:39:02.742,147.0,51.14,0.79,DRY_RUN,99.8
21:39:03.786,148.0,25.03,0.89,DRY_RUN,99.9
21:39:04.849,149.0,65.08,0.8,DRY_RUN,99.9
21:39:05.923,150.0,33.87,0.9,DRY_RUN,99.9
21:39:06.982,151.0,42.52,0.75,DRY_RUN,99.9
21:39:08.028,152.0,40.79,0.95,DRY_RUN,99.9
21:39:09.096,153.0,47.92,0.76,DRY_RUN,99.9
21:39:10.145,154.0,29.01,0.97,DRY_RUN,99.9
21:39:11.211,155.0,62.45,0.51,DRY_RUN,99.9
21:39:12.309,156.0,47.24,0.97,DRY_RUN,99.9
21:39:13.335,157.0,42.79,0.35,DRY_RUN,99.9
21:39:14.422,158.0,38.74,0.94,DRY_RUN,99.8
21:39:15.461,159.0,40.02,0.66,DRY_RUN,99.9
21:39:16.562,160.0,41.31,0.91,DRY_RUN,99.9
21:39:17.590,161.0,43.13,0.65,DRY_RUN,99.9
21:39:18.697,162.0,60.59,0.89,DRY_RUN,99.9
21:39:19.711,164.0,73.38,0.87,DRY_RUN,99.8
21:39:20.761,165.0,44.79,0.8,DRY_RUN,99.8
21:39:21.828,166.0,31.34,0.88,DRY_RUN,99.8
21:39:22.897,167.0,26.58,0.61,DRY_RUN,99.9
21:39:23.956,168.0,34.64,0.9,DRY_RUN,99.9
21:39:25.011,169.0,49.0,0.74,DRY_RUN,99.9
21:39:26.077,170.0,38.9,0.82,DRY_RUN,99.9
21:39:27.127,171.0,62.38,0.96,DRY_RUN,99.9
21:39:28.225,172.0,37.97,0.58,DRY_RUN,99.9
21:39:29.287,173.0,42.83,0.91,DRY_RUN,99.9
21:39:30.361,174.0,36.89,0.86,DRY_RUN,99.9
21:39:31.384,175.0,37.73,0.8,DRY_RUN,99.9
21:39:32.500,176.0,30.1,1.0,DRY_RUN,99.9
21:39:33.503,177.0,44.25,0.78,DRY_RUN,99.9
21:39:34.567,178.0,24.29,0.83,DRY_RUN,99.9
21:39:35.618,179.0,47.43,0.87,DRY_RUN,99.9
21:39:36.770,180.0,55.52,0.66,DRY_RUN,99.9
21:39:37.760,182.0,74.43,0.8,DRY_RUN,99.9
21:39:38.799,183.0,34.74,0.93,DRY_RUN,99.8
21:39:39.873,184.0,67.56,0.65,DRY_RUN,99.8
21:39:40.983,185.0,45.11,0.81,DRY_RUN,99.8
21:39:42.065,186.0,47.06,0.92,DRY_RUN,99.8
21:39:43.064,187.0,36.33,0.7,DRY_RUN,99.8
21:39:44.169,188.0,45.33,0.87,DRY_RUN,99.9
21:39:45.266,189.0,56.1,0.91,DRY_RUN,99.8
21:39:46.269,190.0,37.74,0.58,DRY_RUN,99.9
21:39:47.292,191.0,37.37,0.81,DRY_RUN,99.8
21:39:48.353,192.0,54.6,0.94,DRY_RUN,99.9
21:39:49.438,193.0,37.92,0.37,DRY_RUN,99.9
21:39:50.482,194.0,46.26,0.84,DRY_RUN,99.9
21:39:51.543,195.0,31.48,0.87,DRY_RUN,99.9
21:39:52.601,196.0,41.74,0.63,DRY_RUN,99.9
21:39:53.746,197.0,52.8,0.97,DRY_RUN,99.9
21:39:54.716,199.0,43.17,0.88,DRY_RUN,99.9
21:39:55.880,200.0,30.73,0.76,DRY_RUN,99.9
21:39:56.948,201.0,32.71,0.94,DRY_RUN,99.9
21:39:57.945,202.0,44.03,0.69,DRY_RUN,99.9
21:39:58.963,203.0,37.75,0.8,DRY_RUN,99.9
21:40:00.022,204.0,48.44,0.94,DRY_RUN,99.9
21:40:01.084,205.0,33.25,0.72,DRY_RUN,99.9
21:40:02.122,206.0,50.78,0.79,DRY_RUN,99.9
21:40:03.199,207.0,52.84,0.9,DRY_RUN,99.9
21:40:04.268,208.0,43.58,0.66,DRY_RUN,99.9
21:40:05.338,209.0,42.32,0.8,DRY_RUN,99.8
21:40:06.398,210.0,54.57,0.98,DRY_RUN,99.8
21:40:07.473,211.0,39.3,0.72,DRY_RUN,99.8
21:40:08.515,212.0,39.44,0.81,DRY_RUN,99.8
21:40:09.631,213.0,40.69,0.88,DRY_RUN,99.9
21:40:10.624,214.0,42.26,0.41,DRY_RUN,99.9
21:40:11.738,215.0,36.45,0.92,DRY_RUN,99.9
21:40:12.764,217.0,45.71,0.79,DRY_RUN,99.9
21:40:13.818,218.0,33.43,0.81,DRY_RUN,99.9
21:40:14.883,219.0,45.44,0.9,DRY_RUN,99.9
21:40:15.938,220.0,48.31,0.74,DRY_RUN,99.9
21:40:17.001,221.0,41.06,0.94,DRY_RUN,99.9
21:40:18.045,222.0,33.1,0.76,DRY_RUN,99.9
21:40:19.121,223.0,45.85,0.78,DRY_RUN,99.9
21:40:20.182,224.0,48.05,0.95,DRY_RUN,99.9
21:40:21.239,225.0,44.88,0.42,DRY_RUN,99.9
21:40:22.297,226.0,42.39,0.87,DRY_RUN,99.8
21:40:23.366,227.0,47.47,0.76,DRY_RUN,99.8
21:40:24.439,228.0,42.05,0.87,DRY_RUN,99.8
21:40:25.525,229.0,56.49,0.89,DRY_RUN,99.8
21:40:26.555,230.0,33.3,0.76,DRY_RUN,99.9
21:40:27.670,231.0,46.1,0.98,DRY_RUN,99.9
21:40:28.681,232.0,54.2,0.52,DRY_RUN,99.9
21:40:29.758,234.0,49.64,0.9,DRY_RUN,99.8
21:40:30.801,235.0,47.87,0.75,DRY_RUN,99.8
21:40:31.852,236.0,75.36,0.7,DRY_RUN,99.8
21:40:32.918,237.0,36.2,0.86,DRY_RUN,99.8
21:40:33.990,238.0,40.03,0.81,DRY_RUN,99.8
21:40:35.036,239.0,38.18,0.9,DRY_RUN,99.9
21:40:36.094,240.0,51.55,0.74,DRY_RUN,99.9
21:40:37.166,241.0,25.32,0.92,DRY_RUN,99.9
21:40:38.234,242.0,35.71,0.76,DRY_RUN,99.9
21:40:39.278,243.0,39.71,0.94,DRY_RUN,99.9
21:40:40.379,244.0,36.26,0.69,DRY_RUN,99.9
21:40:41.471,245.0,32.62,0.8,DRY_RUN,99.9
21:40:42.487,246.0,18.82,0.82,DRY_RUN,99.9
21:40:43.566,247.0,44.86,0.85,DRY_RUN,99.9
21:40:44.594,248.0,61.97,0.87,DRY_RUN,99.9
21:40:45.679,249.0,41.25,0.78,DRY_RUN,99.9
21:40:46.717,251.0,67.36,0.94,DRY_RUN,99.8
21:40:47.790,252.0,44.92,0.55,DRY_RUN,99.8
21:40:48.842,253.0,25.77,1.01,DRY_RUN,99.8
21:40:49.897,254.0,55.47,0.39,DRY_RUN,99.9
21:40:50.955,255.0,42.76,0.94,DRY_RUN,99.9
21:40:52.016,256.0,46.79,0.64,DRY_RUN,99.9
21:40:53.062,257.0,34.58,1.0,DRY_RUN,99.9
21:40:54.128,258.0,37.22,0.7,DRY_RUN,99.9
21:40:55.218,259.0,44.38,0.87,DRY_RUN,99.9
21:40:56.275,260.0,36.22,0.65,DRY_RUN,99.9
21:40:57.364,261.0,22.16,0.9,DRY_RUN,99.9
21:40:58.379,262.0,46.21,0.81,DRY_RUN,99.9
21:40:59.483,263.0,44.9,0.91,DRY_RUN,99.9
21:41:00.512,264.0,79.71,0.7,DRY_RUN,99.9
21:41:01.614,265.0,46.88,0.88,DRY_RUN,99.8
21:41:02.624,266.0,40.51,0.71,DRY_RUN,99.8
21:41:03.709,267.0,49.88,0.85,DRY_RUN,99.8
21:41:04.783,269.0,44.33,0.74,DRY_RUN,99.8
21:41:05.843,270.0,54.59,0.95,DRY_RUN,99.8
21:41:06.902,271.0,27.35,0.76,DRY_RUN,99.9
21:41:07.937,272.0,24.47,0.89,DRY_RUN,99.9
21:41:09.013,273.0,37.33,0.62,DRY_RUN,99.9
21:41:10.073,274.0,29.03,0.94,DRY_RUN,99.9
21:41:11.169,275.0,74.45,0.5,DRY_RUN,99.9
21:41:12.191,276.0,37.31,0.92,DRY_RUN,99.9
21:41:13.317,277.0,45.24,0.78,DRY_RUN,99.9
21:41:14.294,278.0,48.74,0.86,DRY_RUN,99.9
21:41:15.475,279.0,41.61,0.85,DRY_RUN,99.9
21:41:16.407,280.0,47.44,0.75,DRY_RUN,99.8
21:41:17.489,281.0,28.37,0.94,DRY_RUN,99.9
21:41:18.571,282.0,47.85,0.68,DRY_RUN,99.9
21:41:19.611,283.0,39.29,0.91,DRY_RUN,99.9
21:41:20.653,284.0,22.26,0.79,DRY_RUN,99.9
21:41:21.743,286.0,32.47,0.8,DRY_RUN,99.9
21:41:22.851,287.0,53.42,0.92,DRY_RUN,99.9
21:41:23.850,288.0,46.96,0.64,DRY_RUN,99.9
21:41:24.925,289.0,37.92,0.95,DRY_RUN,99.9
21:41:26.014,290.0,34.79,0.75,DRY_RUN,99.9
21:41:27.049,291.0,25.96,0.69,DRY_RUN,99.9
21:41:28.094,292.0,46.74,0.87,DRY_RUN,99.9
21:41:29.194,293.0,19.65,0.45,DRY_RUN,99.9
21:41:30.219,294.0,37.68,0.9,DRY_RUN,99.9
21:41:31.267,295.0,50.86,0.92,DRY_RUN,99.9
21:41:32.342,296.0,24.43,0.75,DRY_RUN,99.9
21:41:33.394,297.0,50.98,0.96,DRY_RUN,99.9
21:41:34.450,298.0,35.12,0.82,DRY_RUN,99.9
21:41:35.530,299.0,43.61,0.92,DRY_RUN,99.9
21:41:36.574,300.0,31.95,0.91,DRY_RUN,99.9
21:41:37.649,301.0,0.0,0.66,DRY_RUN,99.9
21:41:38.698,302.0,51.35,0.95,DRY_RUN,99.9
21:41:39.771,304.0,65.63,0.48,DRY_RUN,99.9
21:41:40.905,305.0,67.51,0.96,DRY_RUN,99.9
21:41:41.917,306.0,43.73,0.85,DRY_RUN,99.8
21:41:42.977,307.0,21.64,0.91,DRY_RUN,99.8
21:41:44.028,308.0,44.32,0.81,DRY_RUN,99.9
21:41:45.145,309.0,31.94,0.84,DRY_RUN,99.9
21:41:46.201,310.0,48.18,0.8,DRY_RUN,99.9
21:41:47.233,311.0,43.52,0.78,DRY_RUN,99.9
21:41:48.259,312.0,63.78,0.8,DRY_RUN,99.9
21:41:49.310,313.0,25.95,0.86,DRY_RUN,99.9
21:41:50.386,314.0,56.07,0.81,DRY_RUN,99.9
21:41:51.427,315.0,43.2,0.9,DRY_RUN,99.9
21:41:52.488,316.0,34.73,0.8,DRY_RUN,99.9
21:41:53.557,317.0,42.31,0.89,DRY_RUN,99.9
21:41:54.632,318.0,57.22,0.48,DRY_RUN,99.9
21:41:55.675,319.0,31.2,0.96,DRY_RUN,99.9
21:41:56.826,321.0,45.37,0.78,DRY_RUN,99.9
21:41:57.804,322.0,28.91,0.8,DRY_RUN,99.9
21:41:58.931,323.0,26.55,0.77,DRY_RUN,99.9
21:41:59.954,324.0,42.89,0.79,DRY_RUN,99.9
21:42:01.014,325.0,41.09,0.95,DRY_RUN,99.9
21:42:02.042,326.0,35.29,0.5,DRY_RUN,99.9
21:42:03.097,327.0,51.27,0.88,DRY_RUN,99.9
21:42:04.173,328.0,67.17,0.76,DRY_RUN,99.9
21:42:05.226,329.0,54.06,0.82,DRY_RUN,99.8
21:42:06.294,330.0,28.94,0.93,DRY_RUN,99.8
21:42:07.327,331.0,43.4,0.66,DRY_RUN,99.8
21:42:08.399,332.0,57.24,0.96,DRY_RUN,99.9
21:42:09.460,333.0,34.42,0.76,DRY_RUN,99.9
21:42:10.606,334.0,47.74,0.8,DRY_RUN,99.9
21:42:11.617,335.0,42.82,0.98,DRY_RUN,99.9
21:42:12.732,336.0,41.33,0.63,DRY_RUN,99.9
21:42:13.752,338.0,56.71,0.94,DRY_RUN,99.8
21:42:14.851,339.0,40.53,0.88,DRY_RUN,99.9
21:42:15.843,340.0,43.22,0.5,DRY_RUN,99.8
21:42:16.893,341.0,56.07,0.95,DRY_RUN,99.8
21:42:17.953,342.0,41.5,0.88,DRY_RUN,99.8
21:42:19.019,343.0,41.05,0.34,DRY_RUN,99.8
21:42:20.076,344.0,51.81,0.86,DRY_RUN,99.8
21:42:21.135,345.0,46.47,0.88,DRY_RUN,99.8
21:42:22.195,346.0,69.53,0.58,DRY_RUN,99.8
21:42:23.265,347.0,50.96,0.96,DRY_RUN,99.8
21:42:24.315,348.0,54.3,0.82,DRY_RUN,99.8
21:42:25.417,349.0,47.56,0.78,DRY_RUN,99.8
21:42:26.458,350.0,54.55,0.96,DRY_RUN,99.8
21:42:27.510,351.0,23.59,0.68,DRY_RUN,99.9
21:42:28.642,352.0,34.06,0.74,DRY_RUN,99.9
21:42:29.621,353.0,36.08,0.91,DRY_RUN,99.9
21:42:30.705,354.0,45.08,0.76,DRY_RUN,99.9
21:42:31.756,356.0,48.26,0.96,DRY_RUN,99.9
21:42:32.828,357.0,39.35,0.42,DRY_RUN,99.9
21:42:33.865,358.0,37.53,0.91,DRY_RUN,99.8
21:42:34.924,359.0,47.75,0.79,DRY_RUN,99.9
21:42:35.990,360.0,42.51,0.94,DRY_RUN,99.9
21:42:37.043,361.0,45.43,0.82,DRY_RUN,99.9
21:42:38.134,362.0,47.08,0.86,DRY_RUN,99.8
21:42:39.175,363.0,61.35,0.64,DRY_RUN,99.8
21:42:40.227,364.0,39.42,0.76,DRY_RUN,99.8
21:42:41.295,365.0,45.27,0.64,DRY_RUN,99.8
21:42:42.446,366.0,43.97,0.88,DRY_RUN,99.8
21:42:43.428,367.0,65.8,0.66,DRY_RUN,99.8
21:42:44.521,368.0,37.06,0.76,DRY_RUN,99.9
21:42:45.538,369.0,33.08,0.65,DRY_RUN,99.8
21:42:46.654,370.0,46.27,0.91,DRY_RUN,99.9
21:42:47.693,371.0,34.8,0.37,DRY_RUN,99.9
21:42:48.717,373.0,38.79,0.86,DRY_RUN,99.9
21:42:49.793,374.0,36.88,0.8,DRY_RUN,99.9
21:42:50.850,375.0,34.88,0.86,DRY_RUN,99.9
21:42:51.913,376.0,46.55,0.8,DRY_RUN,99.9
21:42:52.968,377.0,33.83,0.61,DRY_RUN,99.9
21:42:54.022,378.0,35.64,0.95,DRY_RUN,99.9
21:42:55.088,379.0,49.81,0.72,DRY_RUN,99.9
21:42:56.137,380.0,62.54,0.8,DRY_RUN,99.9
21:42:57.221,381.0,33.24,0.82,DRY_RUN,99.9
21:42:58.349,382.0,30.24,0.8,DRY_RUN,99.9
21:42:59.351,383.0,25.99,0.94,DRY_RUN,99.9
21:43:00.471,384.0,37.71,0.74,DRY_RUN,99.9
21:43:01.462,385.0,44.0,0.81,DRY_RUN,99.9
21:43:02.523,386.0,31.43,0.8,DRY_RUN,99.9
21:43:03.571,387.0,36.88,0.76,DRY_RUN,99.9
21:43:04.631,388.0,47.56,0.96,DRY_RUN,99.9
21:43:05.695,389.0,22.44,0.77,DRY_RUN,99.9
21:43:06.747,391.0,35.97,0.69,DRY_RUN,99.9
21:43:07.832,392.0,32.28,0.8,DRY_RUN,99.9
21:43:08.880,393.0,26.07,0.52,DRY_RUN,99.9
21:43:09.995,394.0,28.97,0.86,DRY_RUN,99.9
21:43:11.004,395.0,36.15,0.8,DRY_RUN,99.9
21:43:12.137,396.0,43.41,0.68,DRY_RUN,99.9
21:43:13.123,397.0,40.05,0.92,DRY_RUN,99.9
21:43:14.207,398.0,29.01,0.7,DRY_RUN,99.9
21:43:15.251,399.0,45.79,0.7,DRY_RUN,99.9
21:43:16.357,400.0,35.53,0.97,DRY_RUN,99.9
21:43:17.381,401.0,50.46,0.55,DRY_RUN,99.9
21:43:18.428,402.0,37.28,0.77,DRY_RUN,99.9
21:43:19.493,403.0,40.17,0.96,DRY_RUN,99.9
21:43:20.555,404.0,49.71,0.5,DRY_RUN,99.9
21:43:21.620,405.0,42.86,0.75,DRY_RUN,99.9
21:43:22.656,406.0,26.6,0.93,DRY_RUN,99.9
21:43:23.740,408.0,55.61,0.49,DRY_RUN,99.9
21:43:24.808,409.0,19.96,0.82,DRY_RUN,99.9
21:43:25.935,410.0,33.6,0.86,DRY_RUN,99.9
21:43:26.926,411.0,25.95,0.46,DRY_RUN,99.9
21:43:28.028,412.0,36.64,0.85,DRY_RUN,99.9
21:43:29.043,413.0,34.84,0.84,DRY_RUN,99.9
21:43:30.188,414.0,17.16,0.43,DRY_RUN,99.9
21:43:31.168,415.0,39.94,0.82,DRY_RUN,99.9
21:43:32.222,416.0,35.11,0.73,DRY_RUN,99.9
21:43:33.274,417.0,48.39,0.73,DRY_RUN,99.9
21:43:34.344,418.0,40.55,0.84,DRY_RUN,99.9
21:43:35.412,419.0,39.05,0.85,DRY_RUN,99.9
21:43:36.459,420.0,45.32,0.84,DRY_RUN,99.9
21:43:37.537,421.0,32.1,0.88,DRY_RUN,99.9
21:43:38.592,422.0,45.32,0.91,DRY_RUN,99.9
21:43:39.658,423.0,44.45,0.7,DRY_RUN,99.9
21:43:40.708,425.0,68.97,0.94,DRY_RUN,99.9
21:43:41.809,426.0,81.03,0.72,DRY_RUN,99.8
21:43:42.839,427.0,58.83,0.75,DRY_RUN,99.8
21:43:43.938,428.0,41.46,0.87,DRY_RUN,99.8
21:43:44.955,429.0,51.26,0.89,DRY_RUN,99.8
21:43:46.072,430.0,65.46,0.38,DRY_RUN,99.8
21:43:47.088,431.0,68.39,0.97,DRY_RUN,99.8
21:43:48.135,432.0,45.04,0.9,DRY_RUN,99.8
21:43:49.225,433.0,80.12,0.46,DRY_RUN,99.8
21:43:50.258,434.0,53.46,0.92,DRY_RUN,99.8
21:43:51.345,435.0,44.9,0.86,DRY_RUN,99.8
21:43:52.372,436.0,61.19,0.52,DRY_RUN,99.8
21:43:53.440,437.0,59.85,0.89,DRY_RUN,99.8
21:43:54.496,438.0,36.04,0.94,DRY_RUN,99.8
21:43:55.570,439.0,69.43,0.7,DRY_RUN,99.8
21:43:56.615,440.0,48.17,0.72,DRY_RUN,99.8
21:43:57.777,441.0,66.72,0.96,DRY_RUN,99.8
21:43:58.757,443.0,73.54,0.92,DRY_RUN,99.8
21:43:59.890,444.0,49.83,0.31,DRY_RUN,99.8
21:44:00.878,445.0,48.99,0.74,DRY_RUN,99.8
21:44:01.983,446.0,54.63,1.0,DRY_RUN,99.8
21:44:03.013,447.0,52.12,0.79,DRY_RUN,99.8
21:44:04.058,448.0,60.97,0.62,DRY_RUN,99.8
21:44:05.126,449.0,68.43,0.46,DRY_RUN,99.8
21:44:06.179,450.0,46.97,0.93,DRY_RUN,99.8
21:44:07.292,451.0,66.96,0.98,DRY_RUN,99.8
21:44:08.306,452.0,46.08,0.74,DRY_RUN,99.8
21:44:09.347,453.0,101.15,0.34,DRY_RUN,99.8
21:44:10.414,454.0,115.15,0.4,DRY_RUN,99.8
21:44:11.519,455.0,86.32,0.76,DRY_RUN,99.8
21:44:12.528,456.0,138.61,1.01,DRY_RUN,99.7
21:44:13.641,457.0,157.45,0.83,DRY_RUN,99.6
21:44:14.655,458.0,170.23,0.23,DRY_RUN,99.6
21:44:15.770,460.0,225.76,0.61,DRY_RUN,99.7
21:44:16.795,461.0,190.03,0.86,DRY_RUN,99.7
21:44:17.874,462.0,209.82,0.98,DRY_RUN,99.6
21:44:18.917,463.0,192.51,0.86,DRY_RUN,99.6
21:44:19.954,464.0,197.44,0.75,DRY_RUN,99.5
21:44:21.034,465.0,200.24,0.62,DRY_RUN,99.4
21:44:22.095,466.0,219.63,0.89,DRY_RUN,99.3
21:44:23.147,467.0,192.52,0.9,DRY_RUN,99.1
21:44:24.209,468.0,206.99,0.9,DRY_RUN,98.5
21:44:25.288,469.0,197.49,0.75,DRY_RUN,98.0
21:44:26.325,470.0,181.45,0.75,DRY_RUN,96.1
21:44:27.397,471.0,192.01,0.88,DRY_RUN,94.9
21:44:28.454,472.0,218.8,0.98,DRY_RUN,87.7
21:44:29.581,473.0,135.47,0.84,DRY_RUN,84.6
21:44:30.571,474.0,197.67,0.78,DRY_RUN,68.1
21:44:31.669,475.0,171.79,0.56,DRY_RUN,60.6
21:44:32.705,477.0,212.87,0.74,NORMAL,63.0
21:44:33.815,478.0,204.79,0.92,NORMAL,72.6
21:44:34.850,479.0,207.55,0.98,NORMAL,87.4
21:44:35.881,480.0,220.51,0.8,NORMAL,91.2
21:44:36.965,481.0,196.5,0.8,NORMAL,96.0
21:44:38.067,482.0,208.98,0.51,NORMAL,97.1
21:44:39.060,483.0,211.9,0.76,NORMAL,98.5
21:44:40.159,484.0,211.93,0.84,NORMAL,98.8
21:44:41.226,485.0,141.96,0.96,NORMAL,99.3
21:44:42.290,486.0,171.22,0.96,NORMAL,99.2
21:44:43.413,487.0,195.28,0.85,NORMAL,99.3
21:44:44.373,488.0,229.57,0.79,NORMAL,99.5
21:44:45.489,489.0,174.61,0.65,NORMAL,99.5
21:44:46.483,490.0,169.13,0.66,NORMAL,99.5
21:44:47.575,491.0,213.31,0.89,NORMAL,99.5
21:44:48.606,492.0,186.92,0.9,NORMAL,99.5
21:44:49.651,493.0,219.65,0.93,NORMAL,99.6
21:44:50.723,495.0,211.36,0.79,NORMAL,99.6
21:44:51.792,496.0,225.83,0.8,NORMAL,99.6
21:44:52.849,497.0,216.57,0.48,NORMAL,99.6
21:44:53.919,498.0,166.68,0.78,NORMAL,99.6
21:44:54.976,499.0,224.32,0.75,NORMAL,99.6
21:44:56.032,500.0,162.22,0.92,NORMAL,99.6
21:44:57.090,501.0,207.41,0.93,NORMAL,99.6
21:44:58.190,502.0,206.31,0.93,NORMAL,99.6
21:44:59.210,503.0,212.23,0.86,NORMAL,99.6
21:45:00.286,504.0,233.05,0.85,NORMAL,99.6
21:45:01.345,505.0,207.27,0.82,NORMAL,99.6
21:45:02.402,506.0,184.99,0.79,NORMAL,99.6
21:45:03.499,507.0,123.83,0.78,NORMAL,99.6
21:45:04.512,508.0,213.38,0.68,NORMAL,99.5
21:45:05.615,509.0,127.77,0.74,NORMAL,99.6
21:45:06.638,510.0,171.65,0.4,NORMAL,99.5
21:45:07.764,512.0,160.16,0.54,NORMAL,99.4
21:45:08.767,513.0,199.47,0.64,NORMAL,99.5
21:45:09.815,514.0,208.0,0.38,NORMAL,99.5
21:45:10.893,515.0,202.64,0.54,NORMAL,99.6
21:45:11.956,516.0,185.14,0.57,NORMAL,99.6
21:45:13.004,517.0,207.29,0.52,NORMAL,99.5
21:45:14.077,518.0,228.99,0.62,NORMAL,99.6
21:45:15.176,519.0,170.2,0.64,NORMAL,99.6
21:45:16.217,520.0,197.08,0.77,NORMAL,99.6
21:45:17.245,521.0,223.65,0.71,NORMAL,99.6
21:45:18.294,522.0,200.69,0.76,NORMAL,99.6
21:45:19.363,523.0,177.3,0.79,NORMAL,99.6
21:45:20.433,524.0,191.62,0.87,NORMAL,99.5
21:45:21.531,525.0,223.95,0.91,NORMAL,99.6
21:45:22.545,526.0,207.62,0.9,NORMAL,99.6
21:45:23.648,527.0,227.8,0.97,NORMAL,99.6
21:45:24.687,528.0,150.52,0.97,NORMAL,99.6
21:45:25.780,530.0,218.2,0.97,NORMAL,99.6
21:45:26.828,531.0,180.35,0.95,NORMAL,99.6
21:45:28.039,532.0,205.69,0.93,NORMAL,99.6
21:45:28.944,533.0,185.27,0.86,NORMAL,99.6
21:45:29.977,534.0,216.29,0.85,NORMAL,99.6
21:45:31.041,535.0,187.91,0.88,NORMAL,99.6
21:45:32.104,536.0,148.89,0.86,NORMAL,99.6
21:45:33.151,537.0,215.89,0.8,NORMAL,99.5
21:45:34.252,538.0,182.23,0.8,NORMAL,99.6
21:45:35.314,539.0,173.51,0.8,NORMAL,99.5
21:45:36.364,540.0,191.3,0.8,NORMAL,99.5
21:45:37.425,541.0,201.66,0.81,NORMAL,99.5
21:45:38.492,542.0,229.93,0.78,NORMAL,99.6
21:45:39.557,543.0,138.83,0.82,NORMAL,99.6
21:45:40.612,544.0,206.25,0.78,NORMAL,99.5
21:45:41.699,545.0,153.3,0.82,NORMAL,99.5
21:45:42.706,547.0,191.57,0.79,NORMAL,99.5
21:45:43.843,548.0,208.49,0.8,NORMAL,99.5
21:45:44.839,549.0,181.08,0.8,NORMAL,99.5
21:45:45.903,550.0,185.97,0.8,NORMAL,99.5
21:45:46.976,551.0,229.95,0.8,NORMAL,99.6
21:45:48.074,552.0,158.56,0.8,NORMAL,99.6
21:45:49.095,553.0,199.86,0.78,NORMAL,99.5
21:45:50.156,554.0,198.06,0.81,NORMAL,99.5
21:45:51.214,555.0,180.14,0.86,NORMAL,99.5
21:45:52.280,556.0,195.27,0.86,NORMAL,99.5
21:45:53.419,557.0,211.73,0.79,NORMAL,99.6
21:45:54.447,558.0,160.6,0.82,NORMAL,99.6
21:45:55.586,559.0,241.68,0.79,NORMAL,99.6
21:45:56.566,560.0,159.5,0.83,NORMAL,99.6
21:45:57.606,561.0,238.71,0.8,NORMAL,99.6
21:45:58.722,562.0,172.1,0.8,NORMAL,99.6
21:45:59.806,564.0,199.56,0.8,NORMAL,99.6
21:46:00.769,565.0,168.41,0.79,NORMAL,99.5
21:46:01.822,566.0,175.04,0.8,NORMAL,99.5
21:46:02.909,567.0,207.7,0.8,NORMAL,99.5
21:46:03.949,568.0,156.25,0.8,NORMAL,99.5
21:46:05.083,569.0,184.96,0.78,NORMAL,99.5
21:46:06.102,570.0,199.28,0.78,NORMAL,99.5
21:46:07.161,571.0,218.65,0.78,NORMAL,99.6
21:46:08.250,572.0,201.9,0.61,NORMAL,99.6
21:46:09.336,573.0,199.15,0.66,NORMAL,99.6
21:46:10.339,574.0,167.41,0.66,NORMAL,99.6
21:46:11.449,575.0,208.4,0.34,NORMAL,99.5
21:46:12.478,576.0,220.21,0.5,NORMAL,99.6
21:46:13.579,577.0,219.9,0.43,NORMAL,99.6
21:46:14.554,578.0,128.73,0.51,NORMAL,99.6
21:46:15.613,579.0,189.3,0.32,NORMAL,99.5
21:46:16.684,580.0,209.23,0.59,NORMAL,99.6
21:46:17.742,582.0,220.29,0.76,NORMAL,99.6
21:46:18.826,583.0,134.37,0.76,NORMAL,99.6
21:46:19.875,584.0,219.78,0.79,NORMAL,99.6
21:46:20.939,585.0,207.84,0.8,NORMAL,99.6
21:46:21.992,586.0,209.18,0.88,NORMAL,99.6
21:46:23.077,587.0,221.58,0.86,NORMAL,99.6
21:46:24.129,588.0,125.81,0.88,NORMAL,99.6
21:46:25.254,589.0,214.09,0.92,NORMAL,99.5
21:46:26.244,590.0,164.68,0.96,NORMAL,99.6
21:46:27.589,591.0,134.64,1.1,NORMAL,99.5
21:46:28.484,592.0,132.85,0.95,NORMAL,99.3
21:46:29.482,593.0,163.82,0.88,NORMAL,99.3
21:46:30.486,594.0,117.57,0.88,NORMAL,99.3
21:46:31.545,595.0,141.32,0.65,NORMAL,99.2
21:46:32.582,596.0,151.92,0.43,NORMAL,99.2
21:46:33.669,597.0,152.67,0.3,NORMAL,99.2
21:46:34.748,599.0,163.43,0.22,NORMAL,99.2
21:46:35.775,600.0,154.92,0.67,NORMAL,99.2
21:46:36.864,601.0,148.17,0.72,NORMAL,99.1
21:46:37.920,602.0,172.15,0.74,NORMAL,99.1
21:46:38.997,603.0,138.55,0.99,NORMAL,99.0
21:46:40.024,604.0,139.6,1.14,NORMAL,98.9
21:46:41.149,605.0,142.34,0.91,NORMAL,98.5
21:46:42.144,606.0,147.06,0.74,NORMAL,98.4
21:46:43.245,607.0,143.6,0.59,NORMAL,97.9
21:46:44.273,608.0,141.08,0.47,NORMAL,97.5
21:46:45.348,609.0,156.06,0.66,NORMAL,96.9
21:46:46.443,610.0,144.57,0.41,NORMAL,96.4
21:46:47.504,611.0,143.22,0.3,NORMAL,95.2
21:46:48.570,612.0,163.75,0.52,NORMAL,94.8
21:46:49.619,613.0,150.17,0.32,NORMAL,93.6
21:46:50.764,614.0,162.55,0.53,NORMAL,93.4
21:46:51.696,615.0,159.41,0.48,NORMAL,92.1
21:46:52.771,617.0,142.45,0.63,NORMAL,91.8
21:46:53.812,618.0,142.67,0.53,NORMAL,89.2
21:46:54.980,619.0,142.67,0.62,NORMAL,87.7
21:46:56.026,620.0,166.75,0.63,NORMAL,86.2
21:46:57.000,621.0,163.98,0.66,NORMAL,86.1
21:46:58.095,622.0,122.18,0.7,NORMAL,84.1
21:46:59.123,623.0,188.43,0.76,NORMAL,82.1
21:47:00.225,624.0,176.74,0.7,NORMAL,83.4
21:47:01.248,625.0,167.19,0.78,NORMAL,82.6
21:47:02.337,626.0,181.11,0.88,NORMAL,82.1
21:47:03.371,627.0,220.91,0.88,NORMAL,84.4
21:47:04.435,628.0,150.75,0.96,NORMAL,84.2
21:47:05.490,629.0,42.51,0.96,NORMAL,85.4
21:47:06.536,630.0,38.76,0.88,NORMAL,75.0
21:47:07.602,631.0,51.13,1.04,NORMAL,74.6
21:47:08.686,632.0,10.0,0.82,NORMAL,54.3
21:47:09.742,634.0,46.35,0.91,CAVITATION,56.5
21:47:10.808,635.0,51.39,0.66,CAVITATION,78.5
21:47:11.917,636.0,81.41,0.55,CAVITATION,89.9
21:47:12.903,637.0,70.68,0.57,CAVITATION,94.3
21:47:14.016,638.0,68.27,0.55,CAVITATION,96.4
21:47:15.048,639.0,63.91,0.0,CAVITATION,95.0
21:47:16.166,640.0,119.37,0.66,CAVITATION,91.1
21:47:17.167,641.0,55.2,0.71,CAVITATION,85.0
21:47:18.216,642.0,86.16,0.85,CAVITATION,78.5
21:47:19.294,643.0,40.63,0.75,CAVITATION,65.9
21:47:20.366,644.0,51.99,0.94,CAVITATION,54.0
21:47:21.400,645.0,21.88,0.96,DRY_RUN,54.5
21:47:22.467,646.0,65.58,0.92,DRY_RUN,64.5
21:47:23.508,647.0,50.67,0.86,DRY_RUN,81.4
21:47:24.575,648.0,58.54,0.64,DRY_RUN,85.7
21:47:25.634,649.0,57.61,0.43,DRY_RUN,91.3
21:47:26.703,651.0,37.14,0.42,DRY_RUN,93.1
21:47:27.850,652.0,61.04,0.39,DRY_RUN,95.8
21:47:28.835,653.0,26.94,0.73,DRY_RUN,96.2
21:47:29.933,654.0,29.73,0.61,DRY_RUN,97.6
21:47:30.929,655.0,55.12,0.9,DRY_RUN,96.8
21:47:32.070,656.0,63.5,1.09,DRY_RUN,98.2
21:47:33.070,657.0,46.87,0.91,DRY_RUN,97.2
21:47:34.147,658.0,38.03,0.61,DRY_RUN,98.5
21:47:35.204,659.0,16.95,0.46,DRY_RUN,98.0
21:47:36.254,660.0,64.7,0.2,DRY_RUN,99.2
21:47:37.319,661.0,61.06,0.54,DRY_RUN,98.8
21:47:38.384,662.0,64.98,0.84,DRY_RUN,99.6
21:47:39.424,663.0,58.38,0.86,DRY_RUN,99.3
21:47:40.495,664.0,60.17,1.11,DRY_RUN,99.7
21:47:41.556,665.0,42.41,0.91,DRY_RUN,99.7
21:47:42.615,666.0,69.43,0.55,DRY_RUN,99.8
21:47:43.706,667.0,64.89,0.25,DRY_RUN,99.8
21:47:44.731,669.0,49.47,0.61,DRY_RUN,99.8
21:47:45.854,670.0,45.53,0.8,DRY_RUN,99.8
21:47:46.858,671.0,30.29,0.84,DRY_RUN,99.8
21:47:47.965,672.0,33.63,1.11,DRY_RUN,99.8
21:47:48.994,673.0,45.58,0.93,DRY_RUN,99.9
21:47:50.039,674.0,38.08,0.59,DRY_RUN,99.9
21:47:51.099,675.0,30.1,0.6,DRY_RUN,99.9
21:47:52.176,676.0,27.62,0.36,DRY_RUN,99.9
21:47:53.213,677.0,26.77,0.7,DRY_RUN,99.9
21:47:54.274,678.0,40.64,0.63,DRY_RUN,99.9
21:47:55.356,679.0,37.36,0.94,DRY_RUN,99.9
21:47:56.418,680.0,38.51,0.92,DRY_RUN,99.9
21:47:57.485,681.0,37.75,0.8,DRY_RUN,99.9
21:47:58.517,682.0,31.55,0.64,DRY_RUN,99.9
21:47:59.641,683.0,44.03,0.42,DRY_RUN,99.9
21:48:00.647,684.0,39.21,0.39,DRY_RUN,99.9
21:48:01.744,686.0,35.45,0.76,DRY_RUN,99.9
21:48:02.776,687.0,29.97,0.67,DRY_RUN,99.9
21:48:03.895,688.0,44.91,1.02,DRY_RUN,99.9
21:48:04.896,689.0,35.38,0.98,DRY_RUN,99.9
21:48:06.031,690.0,35.72,0.76,DRY_RUN,99.9
21:48:07.038,691.0,61.43,0.67,DRY_RUN,99.9
21:48:08.088,692.0,25.85,0.56,DRY_RUN,99.9
21:48:09.135,693.0,46.84,0.64,DRY_RUN,99.9
21:48:10.241,694.0,37.31,0.78,DRY_RUN,99.9
21:48:11.256,695.0,23.85,0.84,DRY_RUN,99.9
21:48:12.316,696.0,54.43,0.98,DRY_RUN,99.9
21:48:13.428,697.0,40.95,0.96,DRY_RUN,99.9
21:48:14.444,698.0,56.92,0.64,DRY_RUN,99.9
21:48:15.551,699.0,166.69,0.64,DRY_RUN,99.9
21:48:16.582,700.0,181.37,0.01,DRY_RUN,99.8
21:48:17.759,701.0,189.5,0.63,DRY_RUN,99.8
21:48:18.710,702.0,174.82,0.69,DRY_RUN,99.7
21:48:19.750,704.0,167.73,1.0,DRY_RUN,99.7
21:48:20.811,705.0,161.22,0.8,DRY_RUN,99.6
21:48:21.907,706.0,138.66,0.53,DRY_RUN,99.6
21:48:22.958,707.0,129.68,0.48,DRY_RUN,99.4
21:48:23.992,708.0,145.82,0.5,DRY_RUN,99.3
21:48:25.086,709.0,148.12,0.95,DRY_RUN,99.3
21:48:26.166,710.0,141.71,0.78,DRY_RUN,99.2
21:48:27.233,711.0,132.24,1.0,DRY_RUN,99.2
21:48:28.431,712.0,158.28,0.77,DRY_RUN,99.1
21:48:29.480,713.0,156.04,0.3,DRY_RUN,99.1
21:48:30.581,714.0,143.39,0.0,DRY_RUN,99.0
21:48:31.453,715.0,157.51,0.64,DRY_RUN,98.9
21:48:32.559,716.0,139.21,0.58,DRY_RUN,98.8
21:48:33.610,717.0,147.9,1.02,DRY_RUN,98.5
21:48:34.674,718.0,156.08,0.86,DRY_RUN,98.4
21:48:35.705,719.0,115.26,0.58,DRY_RUN,98.3
21:48:36.753,721.0,156.1,0.23,DRY_RUN,98.1
21:48:37.801,722.0,148.3,0.63,DRY_RUN,97.8
21:48:38.953,723.0,124.36,0.73,DRY_RUN,97.7
21:48:39.915,724.0,158.37,0.98,DRY_RUN,97.0
21:48:40.979,725.0,155.49,0.84,DRY_RUN,96.9
21:48:42.042,726.0,125.58,0.62,DRY_RUN,96.2
21:48:43.112,727.0,114.48,0.0,DRY_RUN,95.7
21:48:44.155,728.0,150.59,0.6,DRY_RUN,94.9
21:48:45.253,729.0,151.33,0.73,DRY_RUN,94.5
21:48:46.296,730.0,97.89,1.07,DRY_RUN,93.9
21:48:47.359,731.0,163.6,0.94,DRY_RUN,93.4
21:48:48.473,732.0,147.95,0.63,DRY_RUN,92.5
21:48:49.478,733.0,106.37,0.54,DRY_RUN,91.7
21:48:50.542,734.0,134.73,0.51,DRY_RUN,88.7
21:48:51.608,735.0,152.24,0.65,DRY_RUN,88.0
21:48:52.694,736.0,161.94,0.71,DRY_RUN,83.2
21:48:53.760,738.0,161.31,1.01,DRY_RUN,79.8
21:48:54.801,739.0,157.62,0.94,DRY_RUN,67.0
21:48:56.120,740.0,212.03,0.51,DRY_RUN,56.8
21:48:56.893,741.0,201.62,0.26,NORMAL,52.7
21:48:57.992,742.0,191.1,0.47,NORMAL,60.1
21:48:59.009,743.0,196.36,0.7,NORMAL,66.2
21:49:00.123,744.0,208.6,0.79,NORMAL,61.9
21:49:01.156,745.0,193.51,1.26,CAVITATION,78.6
21:49:02.184,746.0,152.43,0.93,CAVITATION,91.3
21:49:03.267,747.0,122.54,0.47,CAVITATION,90.4
21:49:04.381,748.0,138.97,0.64,CAVITATION,95.5
21:49:05.440,749.0,119.92,0.43,CAVITATION,96.8
21:49:06.451,750.0,148.9,0.56,CAVITATION,97.8
21:49:07.586,751.0,167.4,0.75,CAVITATION,98.2
21:49:08.565,752.0,142.87,1.02,CAVITATION,98.2
21:49:09.667,753.0,128.74,1.04,CAVITATION,98.2
21:49:10.678,754.0,130.18,0.72,CAVITATION,98.1
21:49:11.812,756.0,131.34,0.59,CAVITATION,98.1
21:49:12.813,757.0,138.82,0.36,CAVITATION,98.1
21:49:13.879,758.0,111.54,0.52,CAVITATION,98.2
21:49:14.943,759.0,154.28,0.46,CAVITATION,98.3
21:49:16.003,760.0,143.43,0.6,CAVITATION,98.5
21:49:17.056,761.0,165.91,0.68,CAVITATION,98.5
21:49:18.101,762.0,164.82,0.97,CAVITATION,98.6
21:49:19.170,763.0,161.04,0.81,CAVITATION,98.5
21:49:20.237,764.0,144.73,0.96,CAVITATION,98.5
21:49:21.290,765.0,167.81,0.95,CAVITATION,98.5
21:49:22.360,766.0,152.23,0.97,CAVITATION,98.5
21:49:23.464,767.0,159.44,1.14,CAVITATION,98.4
21:49:24.472,768.0,141.21,1.04,CAVITATION,98.4
21:49:25.587,769.0,166.02,0.78,CAVITATION,98.1
21:49:26.592,770.0,139.38,0.79,CAVITATION,97.5
21:49:27.708,771.0,157.95,0.7,CAVITATION,96.6
21:49:28.725,773.0,167.01,0.82,CAVITATION,86.3
21:49:29.784,774.0,157.72,0.7,CAVITATION,78.3
21:49:30.835,775.0,156.61,0.5,CAVITATION,51.0
21:49:31.897,776.0,139.97,0.64,NORMAL,51.2
21:49:32.970,777.0,167.39,0.43,NORMAL,62.4
21:49:34.024,778.0,136.28,0.61,NORMAL,57.9
21:49:35.075,779.0,138.5,0.34,NORMAL,58.3
21:49:36.139,780.0,144.96,0.58,NORMAL,53.6
21:49:37.199,781.0,133.04,0.05,NORMAL,52.0
21:49:38.273,782.0,136.64,0.24,CAVITATION,54.5
21:49:39.355,783.0,160.26,0.53,CAVITATION,54.8
21:49:40.397,784.0,167.08,0.65,CAVITATION,59.8
21:49:41.501,785.0,169.21,0.69,CAVITATION,56.7
21:49:42.520,786.0,139.44,0.55,CAVITATION,63.9
21:49:43.671,787.0,125.9,0.8,CAVITATION,65.1
21:49:44.682,788.0,158.47,0.82,CAVITATION,75.2
21:49:45.722,789.0,116.89,1.05,CAVITATION,76.3
21:49:46.802,791.0,123.19,0.91,CAVITATION,90.2
21:49:47.872,792.0,143.35,0.89,CAVITATION,94.2
21:49:48.899,793.0,154.15,0.75,CAVITATION,98.0
21:49:49.966,794.0,154.53,0.83,CAVITATION,98.3
21:49:51.011,795.0,157.73,0.51,CAVITATION,98.4
21:49:52.063,796.0,154.94,0.44,CAVITATION,98.4
21:49:53.221,797.0,118.3,0.2,CAVITATION,98.4
21:49:54.218,798.0,144.3,0.19,CAVITATION,98.3
21:49:55.338,799.0,134.66,0.66,CAVITATION,98.4
21:49:56.304,800.0,147.32,0.67,CAVITATION,98.3
21:49:57.380,801.0,153.01,0.77,CAVITATION,98.4
21:49:58.435,802.0,163.28,1.02,CAVITATION,98.3
21:49:59.541,803.0,156.37,0.95,CAVITATION,98.4
21:50:00.587,804.0,138.46,0.89,CAVITATION,98.2
21:50:01.610,805.0,147.39,0.57,CAVITATION,98.1
21:50:02.704,806.0,156.13,0.34,CAVITATION,98.1
21:50:03.771,808.0,152.31,0.0,CAVITATION,98.1
21:50:04.858,809.0,162.35,0.51,CAVITATION,98.0
21:50:05.886,810.0,128.06,0.8,CAVITATION,98.0
21:50:06.962,811.0,160.23,0.8,CAVITATION,97.9
21:50:07.977,812.0,157.73,0.93,CAVITATION,98.2
21:50:09.135,813.0,149.0,0.91,CAVITATION,98.3
21:50:10.098,814.0,151.74,0.65,CAVITATION,98.3
21:50:11.166,815.0,154.63,0.34,CAVITATION,98.3
21:50:12.240,816.0,161.25,0.0,CAVITATION,98.4
21:50:13.285,817.0,225.2,0.6,CAVITATION,98.5
21:50:14.347,818.0,352.11,0.57,CAVITATION,97.9
21:50:15.412,819.0,173.28,1.02,CAVITATION,97.2
21:50:16.476,820.0,209.36,0.92,CAVITATION,93.6
21:50:17.523,821.0,227.74,0.78,CAVITATION,93.4
21:50:18.633,822.0,218.22,0.6,CAVITATION,84.3
21:50:19.683,823.0,168.09,0.76,CAVITATION,84.5
21:50:20.832,825.0,207.53,0.84,CAVITATION,71.4
21:50:21.842,826.0,195.75,0.99,CAVITATION,73.2
21:50:23.185,827.0,201.06,1.0,CAVITATION,52.7
21:50:23.910,828.0,166.59,0.92,CAVITATION,56.3
21:50:25.007,829.0,197.21,0.51,NORMAL,66.9
21:50:26.048,830.0,168.51,0.29,NORMAL,60.2
21:50:27.073,831.0,204.4,0.73,NORMAL,82.5
21:50:28.166,832.0,191.99,0.88,NORMAL,78.1
21:50:29.208,833.0,181.29,0.94,NORMAL,93.4
21:50:30.318,834.0,195.26,0.83,NORMAL,91.7
21:50:31.336,835.0,199.15,0.69,NORMAL,98.2
21:50:32.443,836.0,154.2,0.51,NORMAL,98.4
21:50:33.626,837.0,129.94,0.21,NORMAL,99.3
21:50:34.517,838.0,158.46,0.48,NORMAL,99.1
21:50:35.710,839.0,156.73,0.67,NORMAL,99.1
21:50:36.635,840.0,162.11,0.86,NORMAL,99.1
21:50:37.679,841.0,157.7,1.06,NORMAL,99.0
21:50:38.769,843.0,157.34,0.78,NORMAL,99.0
21:50:39.800,844.0,161.66,0.69,NORMAL,99.0
21:50:40.882,845.0,155.08,0.11,NORMAL,98.9
21:50:42.080,846.0,147.69,0.28,NORMAL,98.9
21:50:43.046,847.0,135.95,0.72,NORMAL,98.7
21:50:44.103,848.0,123.41,0.75,NORMAL,98.5
21:50:45.141,849.0,114.44,0.91,NORMAL,97.9
21:50:46.241,850.0,126.92,0.65,NORMAL,97.5
21:50:47.231,851.0,137.2,0.46,NORMAL,96.8
21:50:48.321,852.0,158.56,0.62,NORMAL,97.0
21:50:49.366,853.0,155.21,0.55,NORMAL,96.4
21:50:50.429,854.0,158.49,1.04,NORMAL,96.4
21:50:51.515,855.0,161.01,0.79,NORMAL,95.7
21:50:52.560,856.0,153.96,0.36,NORMAL,95.5
21:50:53.666,857.0,154.09,0.38,NORMAL,94.5
21:50:54.688,858.0,155.65,0.86,NORMAL,94.1
21:50:55.822,860.0,125.52,0.77,NORMAL,93.1
21:50:56.786,861.0,136.43,1.04,NORMAL,91.1
21:50:57.904,862.0,158.0,0.56,NORMAL,90.0
21:50:58.939,863.0,138.48,0.18,NORMAL,88.7
21:51:00.087,864.0,164.22,0.58,NORMAL,87.7
21:51:01.071,865.0,152.82,0.72,NORMAL,86.4
21:51:02.096,866.0,164.11,1.37,NORMAL,85.8
21:51:03.212,867.0,163.06,0.69,NORMAL,84.5
21:51:04.219,868.0,118.19,0.26,NORMAL,83.2
21:51:05.279,869.0,124.4,0.5,NORMAL,75.7
21:51:06.383,870.0,102.09,0.92,NORMAL,69.9
21:51:07.452,871.0,129.01,1.22,NORMAL,61.1
21:51:08.515,872.0,98.34,0.54,NORMAL,52.3
21:51:09.574,873.0,120.56,0.23,CAVITATION,56.7
21:51:10.628,874.0,119.67,0.58,CAVITATION,66.4
21:51:11.665,875.0,200.19,0.96,CAVITATION,72.8
21:51:12.721,876.0,199.31,0.97,CAVITATION,74.4
21:51:13.770,878.0,223.06,0.43,CAVITATION,75.2
21:51:14.882,879.0,148.7,0.38,CAVITATION,76.5
21:51:15.915,880.0,114.1,0.81,CAVITATION,81.6
21:51:17.070,881.0,148.06,0.94,CAVITATION,88.9
21:51:17.995,882.0,124.71,1.07,CAVITATION,92.8
21:51:19.225,883.0,101.23,0.33,CAVITATION,96.1
21:51:20.155,884.0,176.31,0.3,CAVITATION,97.1
21:51:21.414,885.0,147.99,0.56,CAVITATION,98.2
21:51:22.245,886.0,123.85,1.01,CAVITATION,98.2
21:51:23.358,887.0,162.44,0.81,CAVITATION,97.9
21:51:24.416,888.0,158.4,0.48,CAVITATION,98.0
21:51:25.489,889.0,126.13,0.43,CAVITATION,98.0
21:51:26.524,890.0,149.85,0.86,CAVITATION,97.9
21:51:27.700,891.0,148.56,1.04,CAVITATION,98.0
21:51:28.629,892.0,117.54,0.92,CAVITATION,98.0
21:51:29.703,893.0,163.06,0.5,CAVITATION,98.1
21:51:30.894,895.0,146.93,0.28,CAVITATION,98.3
21:51:31.894,896.0,127.34,0.88,CAVITATION,98.3
21:51:32.898,897.0,133.4,0.92,CAVITATION,98.2
21:51:33.919,898.0,170.51,0.85,CAVITATION,98.4
21:51:35.153,899.0,151.11,0.39,CAVITATION,98.5
21:51:36.050,900.0,138.06,0.46,CAVITATION,98.5
21:51:37.101,901.0,147.12,1.01,CAVITATION,98.4
21:51:38.192,902.0,144.68,1.06,CAVITATION,98.4
21:51:39.232,903.0,144.96,0.96,CAVITATION,98.4
21:51:40.322,904.0,153.54,0.35,CAVITATION,98.4
21:51:41.348,905.0,161.52,0.5,CAVITATION,98.5
21:51:42.449,906.0,42.97,0.71,CAVITATION,98.6
21:51:43.482,907.0,52.95,1.04,CAVITATION,98.7
21:51:44.556,908.0,42.95,1.0,CAVITATION,98.9
21:51:45.589,909.0,42.87,0.82,CAVITATION,98.9
21:51:46.709,910.0,40.6,0.64,CAVITATION,98.7
21:51:47.724,912.0,40.01,0.29,CAVITATION,98.5
21:51:48.866,913.0,53.85,0.94,CAVITATION,97.7
21:51:49.858,914.0,33.97,0.93,CAVITATION,97.4
21:51:50.908,915.0,50.24,1.03,CAVITATION,95.2
21:51:51.943,916.0,35.08,0.85,CAVITATION,94.3
21:51:53.013,917.0,41.55,0.47,CAVITATION,88.8
21:51:54.081,918.0,25.82,0.48,CAVITATION,85.7
21:51:55.180,919.0,39.97,0.84,CAVITATION,71.7
21:51:56.365,920.0,32.62,0.99,CAVITATION,63.4
21:51:57.258,921.0,35.28,1.1,DRY_RUN,53.2
21:51:58.316,922.0,38.49,1.04,DRY_RUN,65.4
21:51:59.373,923.0,35.15,0.54,DRY_RUN,84.5
21:52:00.423,924.0,43.21,0.51,DRY_RUN,89.4
21:52:01.540,925.0,31.78,0.64,DRY_RUN,94.8
21:52:02.586,926.0,47.78,0.74,DRY_RUN,97.1
21:52:03.703,927.0,26.82,1.01,DRY_RUN,98.6
21:52:04.695,928.0,55.85,1.01,DRY_RUN,99.2
21:52:05.788,930.0,31.23,0.97,DRY_RUN,99.7
21:52:06.830,931.0,53.61,0.91,DRY_RUN,99.7
21:52:07.948,932.0,38.05,0.73,DRY_RUN,99.8
21:52:08.949,933.0,41.51,0.44,DRY_RUN,99.8
21:52:09.997,934.0,35.16,0.86,DRY_RUN,99.8
21:52:11.074,935.0,27.87,0.96,DRY_RUN,99.8
21:52:12.119,936.0,46.95,0.94,DRY_RUN,99.8
21:52:13.179,937.0,42.98,1.02,DRY_RUN,99.8
21:52:14.401,938.0,43.01,0.84,DRY_RUN,99.8
21:52:15.329,939.0,46.26,0.75,DRY_RUN,99.8
21:52:16.410,940.0,30.93,0.48,DRY_RUN,99.9
21:52:17.479,941.0,42.92,0.02,DRY_RUN,99.9
21:52:18.494,942.0,39.06,0.76,DRY_RUN,99.9
21:52:19.599,943.0,31.13,0.83,DRY_RUN,99.9
21:52:20.628,944.0,39.72,0.86,DRY_RUN,99.9
21:52:21.712,945.0,28.58,0.94,DRY_RUN,99.9
21:52:22.718,947.0,31.6,0.97,DRY_RUN,99.9
21:52:23.863,948.0,33.87,1.04,DRY_RUN,99.9
21:52:24.842,949.0,41.63,0.72,DRY_RUN,99.9
21:52:25.914,950.0,33.95,0.81,DRY_RUN,99.9
21:52:26.972,951.0,42.56,0.55,DRY_RUN,99.9
21:52:28.008,952.0,22.78,0.69,DRY_RUN,99.9
21:52:29.094,953.0,44.46,0.66,DRY_RUN,99.9
21:52:30.171,954.0,52.31,0.52,DRY_RUN,99.9
21:52:31.361,955.0,32.22,0.78,DRY_RUN,99.9
21:52:32.285,956.0,49.17,0.79,DRY_RUN,99.9
21:52:33.390,957.0,27.15,0.87,DRY_RUN,99.9
21:52:34.384,958.0,34.3,0.87,DRY_RUN,99.9
21:52:35.614,959.0,38.79,0.96,DRY_RUN,99.9
21:52:36.544,960.0,48.38,0.95,DRY_RUN,99.9
21:52:37.636,961.0,48.71,0.98,DRY_RUN,99.9
21:52:38.647,962.0,50.64,0.96,DRY_RUN,99.8
21:52:39.704,964.0,33.79,0.56,DRY_RUN,99.9
21:52:40.823,965.0,25.45,0.42,DRY_RUN,99.9
21:52:41.839,966.0,40.98,0.52,DRY_RUN,99.9
21:52:42.906,967.0,46.09,0.06,DRY_RUN,99.9
21:52:44.040,968.0,37.31,0.7,DRY_RUN,99.9
21:52:45.478,969.0,34.84,0.9,DRY_RUN,99.9
21:52:46.144,970.0,40.52,0.88,DRY_RUN,99.9
21:52:47.178,971.0,47.81,1.01,DRY_RUN,99.9
21:52:48.336,972.0,24.44,0.91,DRY_RUN,99.9
21:52:49.274,973.0,32.05,1.0,DRY_RUN,99.9
21:52:50.354,974.0,27.73,0.68,DRY_RUN,99.9
21:52:51.438,975.0,45.09,0.58,DRY_RUN,99.9
21:52:52.493,976.0,48.56,0.45,DRY_RUN,99.9
21:52:53.577,977.0,50.99,0.0,DRY_RUN,99.9
21:52:54.667,978.0,50.97,0.4,DRY_RUN,99.8
21:52:55.678,979.0,36.04,0.57,DRY_RUN,99.8
21:52:56.694,980.0,35.65,0.72,DRY_RUN,99.8
21:52:57.757,982.0,54.79,0.72,DRY_RUN,99.9
21:52:58.818,983.0,32.34,0.78,DRY_RUN,99.9
21:52:59.893,984.0,40.57,0.86,DRY_RUN,99.9
21:53:01.046,985.0,39.46,0.9,DRY_RUN,99.9
21:53:02.019,986.0,56.56,0.96,DRY_RUN,99.9
21:53:03.100,987.0,35.71,0.98,DRY_RUN,99.9
21:53:04.186,988.0,46.4,0.92,DRY_RUN,99.9
21:53:05.185,989.0,30.11,0.88,DRY_RUN,99.9
21:53:06.287,990.0,44.26,0.85,DRY_RUN,99.9
21:53:07.353,991.0,48.76,0.78,DRY_RUN,99.9
21:53:08.411,992.0,35.68,0.77,DRY_RUN,99.9
21:53:09.504,993.0,39.11,0.77,DRY_RUN,99.9
21:53:10.538,994.0,31.06,0.62,DRY_RUN,99.9
21:53:11.573,995.0,35.37,0.34,DRY_RUN,99.9
21:53:12.716,996.0,19.41,0.67,DRY_RUN,99.9
21:53:13.762,997.0,48.73,0.82,DRY_RUN,99.9
21:53:14.787,999.0,45.38,0.81,DRY_RUN,99.9
21:53:15.836,1000.0,43.18,0.81,DRY_RUN,99.9
21:53:16.891,1001.0,33.04,0.85,DRY_RUN,99.9
21:53:17.970,1002.0,43.68,0.96,DRY_RUN,99.9
21:53:19.094,1003.0,40.35,0.96,DRY_RUN,99.9
21:53:20.222,1004.0,25.84,0.84,DRY_RUN,99.9
21:53:21.319,1005.0,55.25,0.82,DRY_RUN,99.9
21:53:22.295,1006.0,34.92,0.73,DRY_RUN,99.9
21:53:23.397,1007.0,42.7,0.65,DRY_RUN,99.9
21:53:24.394,1008.0,41.4,0.73,DRY_RUN,99.9
21:53:25.458,1009.0,35.34,0.76,DRY_RUN,99.9
21:53:26.436,1010.0,37.62,0.82,DRY_RUN,99.9
21:53:27.542,1011.0,25.92,0.89,DRY_RUN,99.9
21:53:28.582,1012.0,42.65,0.94,DRY_RUN,99.9
21:53:29.718,1013.0,28.12,0.92,DRY_RUN,99.9
21:53:30.933,1014.0,38.61,0.7,DRY_RUN,99.9
21:53:32.234,1015.0,38.94,0.77,DRY_RUN,99.9
21:53:33.118,1017.0,46.64,0.43,DRY_RUN,99.9
21:53:34.384,1018.0,46.47,0.76,DRY_RUN,99.9
21:53:35.071,1019.0,32.24,0.76,DRY_RUN,99.9
21:53:36.040,1020.0,50.79,0.92,DRY_RUN,99.9
21:53:37.074,1021.0,38.29,0.94,DRY_RUN,99.9
21:53:38.117,1022.0,53.22,0.92,DRY_RUN,99.9
21:53:39.181,1023.0,36.61,0.72,DRY_RUN,99.9
21:53:40.350,1024.0,47.49,0.76,DRY_RUN,99.9
21:53:41.293,1025.0,40.52,0.35,DRY_RUN,99.9
21:53:42.428,1026.0,60.87,0.74,DRY_RUN,99.9
21:53:43.399,1027.0,29.03,0.84,DRY_RUN,99.9
21:53:44.510,1028.0,26.29,0.78,DRY_RUN,99.9
21:53:45.985,1029.0,25.23,0.96,DRY_RUN,99.9
21:53:46.589,1030.0,33.75,1.01,DRY_RUN,99.9
21:53:47.659,1031.0,59.23,0.9,DRY_RUN,99.9
21:53:48.690,1032.0,41.84,0.75,DRY_RUN,99.9
21:53:49.783,1034.0,54.22,0.45,DRY_RUN,99.9
21:53:50.810,1035.0,23.23,0.74,DRY_RUN,99.9
21:53:51.932,1036.0,36.82,0.81,DRY_RUN,99.9
21:53:52.934,1037.0,48.59,0.95,DRY_RUN,99.9
21:53:54.020,1038.0,35.26,0.9,DRY_RUN,99.9
21:53:55.070,1039.0,39.88,0.71,DRY_RUN,99.9
21:53:56.161,1040.0,22.19,0.56,DRY_RUN,99.9
21:53:57.302,1041.0,46.22,0.8,DRY_RUN,99.9
21:53:58.278,1042.0,44.1,0.96,DRY_RUN,99.9
21:53:59.359,1043.0,30.94,0.88,DRY_RUN,99.9
21:54:00.387,1044.0,52.4,0.72,DRY_RUN,99.9
21:54:01.449,1045.0,34.52,0.37,DRY_RUN,99.9
21:54:02.504,1046.0,32.42,0.77,DRY_RUN,99.9
21:54:03.707,1047.0,41.4,0.96,DRY_RUN,99.9
21:54:04.649,1048.0,30.41,0.96,DRY_RUN,99.9
21:54:05.930,1049.0,43.64,0.63,DRY_RUN,99.9
21:54:06.818,1051.0,41.05,0.35,DRY_RUN,99.9
21:54:07.817,1052.0,43.62,0.79,DRY_RUN,99.9
21:54:08.891,1053.0,39.45,0.92,DRY_RUN,99.9
21:54:10.393,1054.0,28.31,0.97,DRY_RUN,99.9
21:54:11.081,1055.0,45.31,0.78,DRY_RUN,99.9
21:54:12.278,1056.0,32.13,0.43,DRY_RUN,99.9
21:54:13.309,1057.0,28.9,0.78,DRY_RUN,99.9
21:54:14.196,1058.0,44.18,0.9,DRY_RUN,99.9
21:54:15.242,1059.0,37.72,0.96,DRY_RUN,99.9
21:54:16.559,1060.0,52.45,0.91,DRY_RUN,99.9
21:54:17.360,1061.0,34.87,0.62,DRY_RUN,99.9
21:54:18.478,1062.0,41.62,0.0,DRY_RUN,99.9
21:54:19.890,1063.0,57.14,0.58,DRY_RUN,99.9
21:54:20.607,1064.0,36.04,0.8,DRY_RUN,99.9
21:54:21.659,1065.0,32.12,1.16,DRY_RUN,99.9
21:54:22.689,1066.0,14.21,0.89,DRY_RUN,99.9
21:54:24.065,1067.0,41.73,0.41,DRY_RUN,99.9
21:54:25.072,1069.0,31.55,0.32,DRY_RUN,99.9
21:54:25.894,1070.0,29.21,0.76,DRY_RUN,99.9
21:54:26.998,1071.0,51.79,1.03,DRY_RUN,99.9
21:54:28.238,1072.0,40.99,0.89,DRY_RUN,99.9
21:54:29.070,1073.0,27.6,0.37,DRY_RUN,99.9
21:54:30.315,1074.0,41.03,0.27,DRY_RUN,99.9
21:54:31.157,1075.0,37.37,0.77,DRY_RUN,99.9
21:54:32.222,1076.0,47.89,1.03,DRY_RUN,99.9
21:54:33.267,1077.0,48.41,1.0,DRY_RUN,99.9
21:54:34.576,1078.0,30.57,0.36,DRY_RUN,99.9
21:54:35.413,1079.0,52.62,0.0,DRY_RUN,99.9
21:54:36.602,1080.0,31.0,0.84,DRY_RUN,99.9
21:54:37.551,1081.0,24.57,1.04,DRY_RUN,99.9
21:54:38.635,1082.0,32.84,0.99,DRY_RUN,99.9
21:54:39.671,1083.0,43.19,0.5,DRY_RUN,99.9
21:54:40.845,1084.0,52.29,0.07,DRY_RUN,99.9
21:54:41.915,1086.0,20.52,0.74,DRY_RUN,99.9
21:54:42.905,1087.0,41.9,1.05,DRY_RUN,99.9
21:54:44.131,1088.0,50.42,0.97,DRY_RUN,99.9
21:54:45.015,1089.0,29.65,0.42,DRY_RUN,99.9
21:54:46.703,1090.0,37.7,0.11,DRY_RUN,99.9
21:54:47.259,1091.0,40.5,0.66,DRY_RUN,99.9
21:54:48.437,1092.0,37.4,0.99,DRY_RUN,99.9
21:54:49.198,1093.0,47.84,0.92,DRY_RUN,99.9
21:54:50.255,1094.0,37.91,0.48,DRY_RUN,99.9
21:54:51.290,1095.0,54.17,0.0,DRY_RUN,99.9
21:54:52.369,1096.0,39.18,0.83,DRY_RUN,99.9
21:54:53.399,1097.0,34.91,0.94,DRY_RUN,99.9
21:54:54.505,1098.0,39.72,1.06,DRY_RUN,99.9
21:54:55.518,1099.0,35.13,0.81,DRY_RUN,99.9
21:54:56.777,1100.0,48.55,0.4,DRY_RUN,99.9
21:54:57.642,1101.0,35.75,0.29,DRY_RUN,99.9
21:54:58.783,1102.0,60.7,0.83,DRY_RUN,99.9
21:54:59.765,1104.0,36.08,0.99,DRY_RUN,99.9
21:55:00.842,1105.0,48.07,0.99,DRY_RUN,99.9
21:55:01.932,1106.0,34.22,0.66,DRY_RUN,99.9
21:55:02.946,1107.0,31.32,0.58,DRY_RUN,99.9
21:55:04.048,1108.0,47.09,0.64,DRY_RUN,99.9
21:55:05.094,1109.0,30.42,0.82,DRY_RUN,99.9
21:55:06.164,1110.0,30.29,1.0,DRY_RUN,99.9
21:55:07.197,1111.0,29.1,1.04,DRY_RUN,99.9
21:55:08.268,1112.0,48.34,0.68,DRY_RUN,99.9
21:55:09.323,1113.0,38.59,0.57,DRY_RUN,99.9
21:55:10.516,1114.0,43.85,0.72,DRY_RUN,99.9
21:55:11.463,1115.0,23.95,0.8,DRY_RUN,99.9
21:55:12.668,1116.0,54.58,1.0,DRY_RUN,99.9
21:55:13.573,1117.0,16.05,0.92,DRY_RUN,99.9
21:55:14.878,1118.0,49.07,0.56,DRY_RUN,99.9
21:55:15.874,1119.0,35.02,0.66,DRY_RUN,99.9
21:55:17.338,1121.0,42.79,0.85,DRY_RUN,99.9
21:55:17.937,1122.0,40.1,1.0,DRY_RUN,99.9
21:55:18.927,1123.0,40.74,0.92,DRY_RUN,99.9
21:55:19.923,1124.0,37.4,0.55,DRY_RUN,99.9
21:55:21.540,1125.0,29.93,0.21,DRY_RUN,99.9
21:55:22.189,1126.0,33.6,0.82,DRY_RUN,99.9
21:55:23.098,1127.0,28.37,1.0,DRY_RUN,99.9
21:55:24.225,1128.0,36.14,0.93,DRY_RUN,99.9
21:55:25.252,1129.0,30.48,0.59,DRY_RUN,99.9
21:55:26.323,1130.0,30.69,0.39,DRY_RUN,99.9
21:55:27.346,1131.0,34.65,0.79,DRY_RUN,99.9
21:55:28.397,1132.0,41.22,1.0,DRY_RUN,99.9
21:55:29.467,1133.0,48.87,0.87,DRY_RUN,99.9
21:55:30.541,1134.0,32.98,0.55,DRY_RUN,99.9
21:55:31.572,1135.0,46.24,0.61,DRY_RUN,99.9
21:55:32.641,1136.0,34.05,0.76,DRY_RUN,99.9
21:55:33.754,1138.0,36.99,1.05,DRY_RUN,99.9
21:55:34.758,1139.0,52.94,0.88,DRY_RUN,99.9
21:55:35.875,1140.0,33.27,0.46,DRY_RUN,99.9
21:55:36.927,1141.0,47.75,0.46,DRY_RUN,99.9
21:55:37.970,1142.0,48.41,0.79,DRY_RUN,99.9
21:55:39.039,1143.0,39.18,1.23,DRY_RUN,99.9
21:55:40.059,1144.0,33.45,0.67,DRY_RUN,99.9
21:55:41.165,1145.0,35.87,0.34,DRY_RUN,99.9
21:55:42.176,1146.0,29.77,0.52,DRY_RUN,99.9
21:55:43.277,1147.0,45.32,0.8,DRY_RUN,99.9
21:55:44.322,1148.0,35.69,1.04,DRY_RUN,99.9
21:55:45.408,1149.0,44.28,0.92,DRY_RUN,99.9
21:55:46.439,1150.0,41.46,0.62,DRY_RUN,99.9
21:55:47.487,1151.0,39.23,0.18,DRY_RUN,99.9
21:55:48.545,1152.0,38.35,0.78,DRY_RUN,99.9
21:55:49.611,1153.0,49.83,1.0,DRY_RUN,99.9
21:55:50.677,1154.0,29.73,1.05,DRY_RUN,99.9
21:55:51.778,1156.0,55.42,0.71,DRY_RUN,99.9
21:55:52.822,1157.0,29.86,0.2,DRY_RUN,99.9
21:55:53.865,1158.0,48.96,0.73,DRY_RUN,99.9
21:55:54.948,1159.0,28.54,0.92,DRY_RUN,99.9
21:55:56.002,1160.0,55.2,1.08,DRY_RUN,99.9
21:55:57.094,1161.0,24.5,0.81,DRY_RUN,99.9
21:55:58.117,1162.0,55.46,0.6,DRY_RUN,99.9
21:55:59.235,1163.0,37.81,0.73,DRY_RUN,99.9
21:56:00.306,1164.0,56.31,0.84,DRY_RUN,99.9
21:56:01.346,1165.0,35.78,1.06,DRY_RUN,99.9
21:56:02.389,1166.0,48.66,0.74,DRY_RUN,99.9
21:56:03.525,1167.0,38.92,0.68,DRY_RUN,99.9
21:56:04.682,1168.0,37.19,0.73,DRY_RUN,99.9
21:56:05.583,1169.0,32.27,0.8,DRY_RUN,99.9
21:56:06.652,1170.0,37.04,0.96,DRY_RUN,99.9
21:56:07.690,1171.0,26.99,0.87,DRY_RUN,99.9
21:56:08.775,1173.0,34.83,0.6,DRY_RUN,99.9
21:56:09.812,1174.0,26.86,0.37,DRY_RUN,99.9
21:56:11.040,1175.0,24.66,0.8,DRY_RUN,99.9
21:56:11.933,1176.0,32.43,1.02,DRY_RUN,99.9
21:56:12.961,1177.0,37.88,0.94,DRY_RUN,99.9
21:56:14.058,1178.0,42.6,0.6,DRY_RUN,99.9
21:56:15.135,1179.0,40.04,0.17,DRY_RUN,99.9
21:56:16.227,1180.0,47.27,0.78,DRY_RUN,99.9
21:56:17.240,1181.0,25.88,0.99,DRY_RUN,99.9
21:56:18.300,1182.0,58.58,0.96,DRY_RUN,99.9
21:56:19.354,1183.0,23.65,0.71,DRY_RUN,99.9
21:56:20.446,1184.0,46.22,0.14,DRY_RUN,99.9
21:56:21.619,1185.0,37.59,0.78,DRY_RUN,99.9
21:56:22.515,1186.0,52.27,0.91,DRY_RUN,99.9
21:56:23.782,1187.0,37.9,1.0,DRY_RUN,99.9
21:56:24.625,1188.0,54.76,0.81,DRY_RUN,99.9
21:56:25.682,1189.0,29.93,0.48,DRY_RUN,99.9
21:56:26.765,1191.0,60.27,0.67,DRY_RUN,99.9
21:56:27.848,1192.0,34.48,0.81,DRY_RUN,99.9
21:56:28.879,1193.0,32.53,1.0,DRY_RUN,99.9
21:56:29.967,1194.0,34.31,0.95,DRY_RUN,99.9
21:56:31.022,1195.0,29.49,0.64,DRY_RUN,99.9
21:56:32.074,1196.0,33.04,0.82,DRY_RUN,99.9
21:56:33.130,1197.0,36.33,0.85,DRY_RUN,99.9
21:56:34.199,1198.0,35.97,0.83,DRY_RUN,99.9
21:56:35.297,1199.0,43.59,0.9,DRY_RUN,99.9
21:56:36.364,1200.0,41.19,0.85,DRY_RUN,99.9
21:56:37.480,1201.0,45.11,0.9,DRY_RUN,99.9
21:56:38.463,1202.0,38.64,0.62,DRY_RUN,99.9
21:56:39.526,1203.0,29.05,0.54,DRY_RUN,99.9
21:56:40.580,1204.0,51.95,0.7,DRY_RUN,99.9
21:56:41.685,1205.0,29.73,0.79,DRY_RUN,99.9
21:56:42.685,1206.0,51.7,0.9,DRY_RUN,99.9
21:56:43.820,1208.0,33.2,1.07,DRY_RUN,99.9
21:56:44.857,1209.0,50.54,0.97,DRY_RUN,99.9
21:56:45.851,1210.0,38.34,0.72,DRY_RUN,99.9
21:56:46.953,1211.0,40.46,0.54,DRY_RUN,99.9
21:56:48.009,1212.0,41.06,0.12,DRY_RUN,99.9
21:56:49.042,1213.0,29.45,0.69,DRY_RUN,99.9
21:56:50.116,1214.0,41.46,0.81,DRY_RUN,99.9
21:56:51.170,1215.0,28.56,1.01,DRY_RUN,99.9
21:56:52.230,1216.0,37.28,1.04,DRY_RUN,99.9
21:56:53.307,1217.0,29.7,0.94,DRY_RUN,99.9
21:56:54.745,1218.0,45.9,0.65,DRY_RUN,99.9
21:56:55.441,1219.0,39.37,0.58,DRY_RUN,99.9
21:56:56.553,1220.0,37.9,0.42,DRY_RUN,99.9
21:56:57.549,1221.0,41.75,0.78,DRY_RUN,99.9
21:56:58.577,1222.0,42.72,0.83,DRY_RUN,99.9
21:56:59.712,1223.0,37.69,1.0,DRY_RUN,99.9
21:57:00.817,1225.0,35.53,1.05,DRY_RUN,99.9
21:57:01.836,1226.0,50.32,0.87,DRY_RUN,99.9
21:57:02.863,1227.0,37.42,0.63,DRY_RUN,99.9
21:57:03.971,1228.0,58.89,0.25,DRY_RUN,99.9
21:57:05.067,1229.0,39.3,0.67,DRY_RUN,99.9
21:57:06.027,1230.0,49.64,0.8,DRY_RUN,99.9
21:57:07.225,1231.0,26.97,0.89,DRY_RUN,99.9
21:57:08.207,1232.0,38.88,1.0,DRY_RUN,99.9
21:57:09.283,1233.0,26.96,1.02,DRY_RUN,99.9
21:57:10.367,1234.0,29.84,0.91,DRY_RUN,99.9
21:57:11.415,1235.0,47.57,0.62,DRY_RUN,99.9
21:57:12.499,1236.0,34.68,0.58,DRY_RUN,99.9
21:57:13.519,1237.0,56.67,0.52,DRY_RUN,99.9
21:57:14.750,1238.0,45.17,0.74,DRY_RUN,99.9
21:57:15.645,1239.0,30.86,0.8,DRY_RUN,99.9
21:57:16.692,1240.0,39.91,0.98,DRY_RUN,99.9
21:57:17.806,1241.0,23.18,1.05,DRY_RUN,99.9
21:57:18.814,1243.0,46.53,1.0,DRY_RUN,99.9
21:57:19.880,1244.0,37.99,0.92,DRY_RUN,99.9
21:57:20.951,1245.0,51.09,0.76,DRY_RUN,99.9
21:57:21.996,1246.0,28.26,0.65,DRY_RUN,99.9
21:57:23.011,1247.0,41.53,0.54,DRY_RUN,99.9
21:57:24.037,1248.0,32.03,0.28,DRY_RUN,99.9
21:57:25.114,1249.0,30.24,0.65,DRY_RUN,99.9
21:57:26.164,1250.0,47.35,0.76,DRY_RUN,99.9
21:57:27.238,1251.0,33.8,0.79,DRY_RUN,99.9
21:57:28.352,1252.0,57.44,0.94,DRY_RUN,99.9
21:57:29.425,1253.0,30.46,1.01,DRY_RUN,99.9
21:57:30.469,1254.0,49.07,1.0,DRY_RUN,99.9
21:57:31.599,1255.0,39.54,0.93,DRY_RUN,99.9
21:57:32.539,1256.0,42.55,0.67,DRY_RUN,99.9
21:57:33.643,1257.0,31.5,0.7,DRY_RUN,99.9
21:57:34.660,1258.0,42.22,0.33,DRY_RUN,99.9
21:57:35.710,1260.0,32.74,0.67,DRY_RUN,99.9
21:57:36.785,1261.0,30.8,0.78,DRY_RUN,99.9
21:57:37.973,1262.0,58.25,0.85,DRY_RUN,99.9
21:57:39.162,1263.0,42.43,0.89,DRY_RUN,99.9
21:57:40.002,1264.0,33.55,0.98,DRY_RUN,99.9
21:57:41.050,1265.0,44.62,0.92,DRY_RUN,99.9
21:57:42.163,1266.0,16.6,0.93,DRY_RUN,99.9
21:57:43.226,1267.0,54.84,0.87,DRY_RUN,99.9
21:57:44.233,1268.0,32.86,0.83,DRY_RUN,99.9
21:57:45.326,1269.0,53.55,0.84,DRY_RUN,99.9
21:57:46.580,1270.0,31.19,0.75,DRY_RUN,99.9
21:57:47.493,1271.0,38.07,0.68,DRY_RUN,99.9
21:57:48.489,1272.0,26.37,0.71,DRY_RUN,99.9
21:57:49.559,1273.0,37.03,0.71,DRY_RUN,99.9
21:57:50.620,1274.0,47.09,0.7,DRY_RUN,99.9
21:57:51.682,1275.0,40.53,0.72,DRY_RUN,99.9
21:57:52.707,1276.0,52.7,0.7,DRY_RUN,99.9
21:57:53.785,1278.0,37.06,0.52,DRY_RUN,99.9
21:57:54.884,1279.0,29.56,0.39,DRY_RUN,99.9
21:57:55.891,1280.0,52.64,0.46,DRY_RUN,99.9
21:57:56.955,1281.0,27.89,0.38,DRY_RUN,99.9
21:57:58.012,1282.0,36.65,0.36,DRY_RUN,99.9
21:57:59.049,1283.0,33.55,0.33,DRY_RUN,99.9
21:58:00.143,1284.0,31.42,0.38,DRY_RUN,99.9
21:58:01.224,1285.0,42.04,0.46,DRY_RUN,99.9
21:58:02.278,1286.0,45.55,0.35,DRY_RUN,99.9
21:58:03.329,1287.0,53.73,0.4,DRY_RUN,99.9
21:58:04.398,1288.0,27.24,0.47,DRY_RUN,99.9
21:58:05.473,1289.0,59.87,0.34,DRY_RUN,99.9
21:58:06.495,1290.0,36.7,0.4,DRY_RUN,99.9
21:58:07.567,1291.0,36.85,0.59,DRY_RUN,99.9
21:58:08.593,1292.0,27.47,0.41,DRY_RUN,99.9
21:58:09.672,1293.0,35.89,0.6,DRY_RUN,99.9
21:58:10.821,1295.0,47.25,0.73,DRY_RUN,99.9
21:58:11.787,1296.0,40.26,0.73,DRY_RUN,99.9
21:58:12.887,1297.0,52.66,0.74,DRY_RUN,99.9
21:58:14.429,1298.0,38.5,0.74,DRY_RUN,99.9
21:58:14.978,1299.0,32.31,0.75,DRY_RUN,99.9
21:58:16.012,1300.0,50.12,0.75,DRY_RUN,99.9
21:58:17.088,1301.0,34.71,0.8,DRY_RUN,99.9
21:58:18.167,1302.0,30.15,0.8,DRY_RUN,99.9
21:58:19.213,1303.0,38.27,0.79,DRY_RUN,99.9
21:58:20.286,1304.0,45.61,0.81,DRY_RUN,99.9
21:58:21.342,1305.0,45.21,0.83,DRY_RUN,99.9
21:58:22.397,1306.0,25.93,0.88,DRY_RUN,99.9
21:58:23.462,1307.0,55.23,0.86,DRY_RUN,99.9
21:58:24.511,1308.0,37.02,0.94,DRY_RUN,99.9
21:58:25.573,1309.0,37.58,0.95,DRY_RUN,99.9
21:58:26.627,1310.0,28.65,0.96,DRY_RUN,99.9
21:58:27.704,1312.0,43.14,0.96,DRY_RUN,99.9
21:58:28.764,1313.0,36.91,0.98,DRY_RUN,99.9
21:58:29.820,1314.0,39.33,0.88,DRY_RUN,99.9
21:58:30.884,1315.0,27.18,0.87,DRY_RUN,99.9
21:58:31.953,1316.0,21.96,0.82,DRY_RUN,99.9
21:58:33.005,1317.0,45.27,1.5,DRY_RUN,99.9
21:58:34.059,1318.0,26.28,1.25,DRY_RUN,99.9
21:58:35.121,1319.0,46.16,1.05,DRY_RUN,99.9
21:58:36.191,1320.0,36.88,0.64,DRY_RUN,99.9
21:58:37.251,1321.0,44.46,0.2,DRY_RUN,99.9
21:58:38.331,1322.0,26.56,0.22,DRY_RUN,99.9
21:58:39.361,1323.0,26.78,0.0,DRY_RUN,99.9
21:58:40.420,1324.0,42.07,0.0,DRY_RUN,99.9
21:58:41.493,1325.0,25.9,0.19,DRY_RUN,99.9
21:58:42.575,1326.0,0.0,0.36,DRY_RUN,99.9
21:58:43.627,1327.0,0.0,0.7,DRY_RUN,99.9
21:58:44.689,1328.0,0.0,0.77,DRY_RUN,99.9
21:58:45.734,1330.0,0.0,0.78,DRY_RUN,99.9
21:58:46.784,1331.0,0.0,0.79,DRY_RUN,99.9
21:58:47.877,1332.0,0.0,0.78,DRY_RUN,99.9
21:58:48.938,1333.0,0.0,0.86,DRY_RUN,99.9
21:58:49.972,1334.0,0.0,0.83,DRY_RUN,99.9
21:58:51.039,1335.0,0.0,0.97,DRY_RUN,99.9
21:58:52.088,1336.0,0.0,0.95,DRY_RUN,99.9
21:58:53.164,1337.0,0.0,0.96,DRY_RUN,99.9
21:58:54.208,1338.0,0.0,1.0,DRY_RUN,99.9
21:58:55.324,1339.0,0.0,0.91,DRY_RUN,99.9
21:58:56.341,1340.0,0.0,0.86,DRY_RUN,99.9
21:58:57.400,1341.0,0.0,0.86,DRY_RUN,99.9
21:58:58.474,1342.0,0.0,0.85,DRY_RUN,99.9
21:58:59.529,1343.0,0.0,0.81,DRY_RUN,99.9
